schema_name,table_name,remarks
DataMart,DshLogistManag_OnTimeDeliv_Day_vip,Витрина для дашборда Своевременность доставок VIP-клиентам. Информация о доставка с грануляцией день
DataMart,DshLogistManag_OnTimeDeliv_Mnth,Витрина для дашборда Своевременность доставок. Информация о доставка с грануляцией месяц
DataMart,DshLogistManag_OnTimeDeliv_Day,Витрина для дашборда Своевременность доставок. Информация о доставка с грануляцией день
DataPrime,CliDelivCtrl,Первичные данные по Контролю своевременности доставок
DataMart,DshSalesManag_LongTerm_TotDivSpecMnth,Витрина для анализа ДСЦ в дашборде УП по специализациям в разрезе месяцев
DataMart,DshSalesManag_LongTerm_DivSpecMnth,Витрина для анализа ДСЦ в дашборде УП по дивизионам и специализациям в разрезе месяцев
DataMart,DshSalesManag_LongTerm_TotDivMnth,Витрина для анализа ДСЦ в дашборде УП в целом по дивизионам в разрезе месяцев
DataMart,DshSalesManag_LongTerm_DivMnth,Витрина для анализа ДСЦ в дашборде УП по дивизионам в разрезе месяцев
DataPrime,ElmaChildProc,Таблица первички данных из ELMA по подпроцессам
DataPrime,ElmaRootProc,Таблица первички данных из ELMA по родительским процессам
DataMart,CCBNorm4DSMng,Нормативы по ПКБ для менеджеров прямых продаж  по коду 55-го классификатора/категории
DataMart,Calend2YearAndCurrByMnth,ВИТРИНА-СПРАВОЧНИК-КАЛЕНДАРЬ ДЛЯ ИСПОЛЬЗОВАНИЯ ДАТ МЕСЯЦЕВ ДВУХ ПОСЛЕДНИХ ЗАКОНЧИВШИХСЯ ЛЕТ И ТЕКУЩЕГО С ГРАНУЛЯРНОСТЬЮ МЕСЯЦ: (обновление ежемесячно 2-4 числа)
DataMart,Calend2YearAndCurrByMnthFull,ВИТРИНА-СПРАВОЧНИК-КАЛЕНДАРЬ ДЛЯ ИСПОЛЬЗОВАНИЯ ДАТ МЕСЯЦЕВ ДВУХ ПОСЛЕДНИХ ЗАКОНЧИВШИХСЯ ЛЕТ И ТЕКУЩЕГО ДО КОНЦА ГОДА С ГРАНУЛЯРНОСТЬЮ МЕСЯЦ (обновление ежемесячно 2-4 числа)
DataMart,Class55Code4FilterDB,Справочник Фиксация списка 55 классификаций для фильтрации в дашбордах
DataMart,Deal_RfBK_LvAgrRgDr,ПРОИЗВОДНЫЙ СПРАВОЧНИК УРОВНЕЙ СОГЛАСОВАНИЙ СДЕЛОК ПО ТИПАМ РЕГИОНАЛЬНОГО РУКОВОДСТВА (СДЕЛКИ) - Заполняется вручную
DataMart,Deal_RlsRsp_LvAgrRgDrCl68,"СПРАВОЧНИК, ОПИСЫВАЮЩИЙ СООТВЕТСТВИЯ ГРУППИРОВОЧНОГО УРОВНЯ СОГЛАСОВАНИЯ  СДЕЛОК ПО ТИПАМ РЕГИОНАЛЬНОГО РУКОВОДСТВА И КОДА 68-ГО КЛАССИФИКАТОРА УРОВНЯ СС (СДЕЛКИ) (Заполняется вручную)"
DataMart,DescKontragMart,Справочник-витрина клиентов (для использования в витринах отчетов и дашбордов FineBI И FinReport)
DataMart,DescRdgMart,Справочник-витрина товаров (для использования в витринах отчетов и дашбордов FineBI И FinReport)
DataMart,DshAgrDeal_InfoAgrLengDeal,"ВИТРИНА ШАПОК (а не всех согласований) СДЕЛОК ДЛЯ ДАШБОРДА ПО АНАЛИЗУ СОГЛАСОВАНИЙ СДЕЛОК С УЧЕТОМ ДЕЛЕНИЯ (информация о id-ках, менеджере автора сделки, его 37-х полном/3-го уровня, коде 68-го 3-го уровня,  товарном классе согласования 3 уровня 2, стандартности сделки, статусе согласованности сделки, нормативности срока согласования, типе согласования  - НОП, НТО,  НУЛ, НКУ, КУ ЦП, УКП протяженности согласования уровня) (уникальным номером сделки считается Id сделки, а не виузальный номер сделки) В данную витрину попадают данный только сучетом согласований типов НОП, НТО, НУЛ, НКУ, КУ ЦП, УКП"
DataMart,DshAgrDeal_InfoAgrLengDealManAgr,"ВИТРИНА ШАПОК (а не всех согласований) СДЕЛОК ДЛЯ ДАШБОРДА ПО АНАЛИЗУ СОГЛАСОВАНИЙ СДЕЛОК С УЧЕТОМ ДЕЛЕНИЯ (информация о id-ках, менеджере согласующем сделку, его 37-х полном/3-го уровня, коде 68-го 3-го уровня,  товарном классе согласования 3 уровня 2, стандартности сделки, статусе согласованности уровня согласования сделки, нормативности срока согласования, типе согласования  - НОП, НТО,  НУЛ, НКУ, КУ ЦП, УКП, протяженности согласования сделки) (уникальным номером сделки считается Id сделки, а не виузальный номер сделки) В данную витрину попадают данный только с учетом согласований типов НОП, НТО, НУЛ, НКУ, КУ ЦП, УКП "
DataMart,DshAgrDeal_InfoAgrLengLvlManAgr,"ВИТРИНА С УЧЕТОМ СОГЛАСОВАНИЙ (но с группировкой) ДЛЯ ДАШБОРДА ПО АНАЛИЗУ СОГЛАСОВАНИЙ СДЕЛОК С УЧЕТОМ ДЕЛЕНИЯ (информация о id-ках, менеджере согласующем сделку, его 37 3-го уровня, коде 68-го 3-го уровня,  товарном классе согласования 3 уровня 2, стандартности сделки, статусе согласованности уровня согласования сделки,   типе согласования  - НОП, НТО,  НУЛ, НКУ, КУ ЦП, УКП, протяженности согласования уровня) (уникальным номером сделки считается Id сделки, а не виузальный номер сделки) В данную витрину попадают данный только с учетом согласований типов НОП, НТО, НУЛ, НКУ, КУ ЦП, УКП"
DataMart,DshAgrDeal_InfoHeadDeal,"ВИТРИНА ШАПОК СДЕЛОК ДЛЯ ДАШБОРДА ПО АНАЛИЗУ СОГЛАСОВАНИЙ (уникальным номером сделки считается Id сделки, а не виузальный номер сделки)(информация о id-ках, менеджере сделки, его 37-х полном/1-го уровня/3-го уровня, стандартности сделки, статусе согласованности сделки, протяженности согласования сделки)"
DataMart,DshAgrDeal_InfoHeadDealNormAgr,"ВИТРИНА ШАПОК СДЕЛОК ДЛЯ ДАШБОРДА ПО АНАЛИЗУ СОГЛАСОВАНИЙ СДЕЛОК С УЧЕТОМ ДЕЛЕНИЯ ПО НАЛИЧИЮ СТАТУСОВ СОГЛАСОВАНИЙ В СРОК/С ОТКЛОНЕНИЕМ (уникальным номером сделки считается Id сделки, а не виузальный номер сделки) (информация о id-ках, менеджере сделки, его 37-х полном/1-го уровня/3-го уровня, стандартности сделки, статусе согласованности сделки, протяженности согласования сделки, имеются согласования в срок/имеются согласования с отклонением от норматива срока - !!! в рамках одной сделки может быть две записии – и та и та)"
DataMart,DshAgrDeal_InfoHeadDealNormAgrDeal,"ВИТРИНА ШАПОК СДЕЛОК ДЛЯ ДАШБОРДА ПО АНАЛИЗУ СОГЛАСОВАНИЙ СДЕЛОК С УЧЕТОМ ДЕЛЕНИЯ СОГЛАСОВАНИЯ СДЕЛОК В ЦЕЛОМ  В СРОК/С ОТКЛОНЕНИЕМ (уникальным номером сделки считается Id сделки, а не виузальный номер сделки) (информация о id-ках, менеджере сделки, его 37-х полном/1-го уровня/3-го уровня, стандартности сделки, статусе согласованности сделки, протяженности согласования сделки, вписывается ли сделка в норматив согласования – в срок/с отклонением)"
DataMart,DshAgrDeal_InfoHeadDealNormAgrDealGrpNmLvlAgr,"ВИТРИНА ШАПОК СДЕЛОК ДЛЯ ДАШБОРДА ПО АНАЛИЗУ СОГЛАСОВАНИЙ СДЕЛОК С УЧЕТОМ ДЕЛЕНИЯ СОГЛАСОВАНИЯ СДЕЛОК В ЦЕЛОМ  В СРОК/С ОТКЛОНЕНИЕМ (уникальным номером сделки считается Id сделки, а не визуальный номер сделки) (информация о id-ках, менеджере сделки, его 37-х полном/1-го уровня/3-го уровня, стандартности сделки, статусе согласованности сделки, протяженности согласования сделки, вписывается ли сделка в норматив согласования – в срок/с отклонением, к какому типу оносится сделка в рамках согласований в целом Только НОП, НОП + РЦ, НОП + РЦ + ЦП)"
DataMart,DshAgrDeal_InfoHeadDealOpLvAgr,"ВИТРИНА ШАПОК СДЕЛОК ДЛЯ ДАШБОРДА ПО АНАЛИЗУ СОГЛАСОВАНИЙ СДЕЛОК С УЧЕТОМ ДЕЛЕНИЯ по 37-му классу (1, 3, полный уровень 37-го; по 68-му 3-го уровня; по наименованию уровня согласования – группировка 68-го ЦП, КУ РЦ, НОП, НУЛ РЦ) Согласующего состояние (уникальным номером сделки считается Id сделки, а не виузальный номер сделки) (информация о id-ках, менеджере статуса согласования сделки, его 37-х полном/1-го уровня/3-го уровня, коде 68-го 3-го уровня, группировке  68-го кода в ЦП, КУ РЦ, НОП, НУЛ РЦ, стандартности сделки, статусе согласованности сделки, протяженности согласования сделки - !!! в рамках одной сделки может быть несколько записей)"
DataMart,DshAgrDeal_InfoHeadDealOpLvAgrMain,"ВИТРИНА ШАПОК СДЕЛОК ДЛЯ ДАШБОРДА ПО АНАЛИЗУ СОГЛАСОВАНИЙ СДЕЛОК С УЧЕТОМ ДЕЛЕНИЯ по 37-му классу (1, 3, полный уровень 37-го; по 68-му 3-го уровня; по наименованию уровня согласования – группировка 68-го ЦП, КУ РЦ, НОП, НУЛ РЦ) автора сделки (уникальным номером сделки считается Id сделки, а не виузальный номер сделки) (информация о id-ках, менеджере автора сделки, его 37-х полном/1-го уровня/3-го уровня, коде 68-го 3-го уровня, группировке  68-го кода в ЦП, КУ РЦ, НОП, НУЛ РЦ, стандартности сделки, статусе согласованности сделки, протяженности согласования сделки - !!! в рамках одной сделки может быть несколько записей)"
DataMart,DshCommrcManag_CCBTrnFact,"Вкладка По Дивизионам КУ - ВИТРИНА ПО ПКБ ГО В РАЗРЕЗЕ Месяц, 63_УП 2/3, 305, Каналам, типам клиентов фл/юл ((Содержит данные года вчерашней даты и трех предыдущих) !!! пока одна витрина на все Критерий определения ПКБ: SELECT COUNT(DISTINCT(CliCode)) в рамках фильтра HAVING(SumSaled) <> 0)"
DataMart,DshCommrcManag_OtCl33DivSheet,"Вкладка По Дивизионам КУ и По ТН  ТО факт, cc, рб, сс срс 1ф по Месяц, 63_УП 2/3, 305_1, 305,  33_3, Подканал. За последние два года (текущий и предыдущий) – в отображении данных на визуалах, + еще один закончившийся год – для расчета КР Данную витрину используем только там, где нужен анализ по 33_3"
DataMart,DshCommrcManag_OtDivSheet,"Вкладка По Дивизионам КУ и По ТН  ТО факт, cc, рб, сс срс 1ф по Месяц, 63_УП 2/3, 305_1,  Подканал. За последние два года (текущий и предыдущий) – в отображении данных на визуалах, + еще один закончившийся год – для расчета КР"
DataMart,DshCommrcManag_OtKPISheet,"Вкладка KPI КУ.  Информация о ТО (факт, сс 81, рб, сс срс 1ф)  в разрезе Месяц, 63_УП 2/3, 305, 71_2, 33_3. За последние два года (текущий и предыдущий) – в отображении данных на визуалах, + еще один закончившийся год – для расчета КР"
DataMart,DshCommrcManag_TrnCl33DivSheet,"Вкладка По Дивизионам КУ и По ТН. ГО факт, cc 81, рб, прогноз, сс срс 1ф  по Месяц, 63_УП 2/3, 305_1, 305, 33_3, Подканал.  За последние два года (текущий и предыдущий) – в отображении данных на визуалах, + еще один закончившийся год – для расчета КР Данную витрину используем только там, где нужен анализ по 33_3"
DataMart,DshCommrcManag_TrnDivSheet,"Вкладка По Дивизионам КУ и По ТН. ГО факт, cc 81, рб, прогноз, сс срс 1ф  по Месяц, 63_УП 2/3, 305_1,  305, Подканал.  За последние два года (текущий и предыдущий) – в отображении данных на визуалах, + еще один закончившийся год – для расчета КР"
DataMart,DshCommrcManag_TrnKPISheet,"Вкладка KPI КУ.  Информация о ГО (факт, сс 81, рб, прогноз, сс срс 1ф, среднедневная отгрузка)  в разрезе Месяц, 63_УП 2/3, 305, 71_2, 33_3. За последние два года (текущий и предыдущий) – в отображении данных на визуалах, + еще один закончившийся год – для расчета КР"
DataMart,DshEmpDism_OneC_DismReasonsMnth,"ВИТРИНА ПРИЧИН  ТЕКУЧЕСТИ ДЛЯ ДАШБОРДА АНАЛИЗ ТЕКУЧЕСТИ (1С) (обновление ежедневноза вчерашний  и предыдущий месяц, максимальное число временных срезов – 36 месяцев, или 37 – все время промахиваемся)"
DataMart,DshEmpDism_OneC_EmplDism_LastDay,"ВИТРИНА ШТАТНОГО РАСПИСАНИЯ И ТЕКУЧЕСТИ ДЛЯ ДАШБОРДА АНАЛИЗ ТЕКУЧЕСТИ (1С) (обновление ежедневноза вчерашний  и предыдущий месяц, максимальное число временных срезов – 36 месяцев, или 37 – все время промахиваемся)"
DataMart,DshEmpDism_OneC_RegionAllInfByOrder,табличка с region И region_type (все данные из обеих)  + порядок следования для regioin_id и regioin_type_id
DataMart,DshEmpDism_OneC_RfBk_dismissal,ВИТРИНА-СПРАВОЧНИК  ПО dismissal на основе фактов текучки и причин текучки на  основе последних 37 месяцев для дашборда (1C)
DataMart,DshEmpDism_OneC_pos_unit_region,"ВИТРИНКА-СПРАВОЧНИК СООТВЕТСТВИЯ МЕЖДУ ДОЛЖНОСТЯМИ-ПОДРАЗДЕЛЕНИЯМИ-РЕГИОНАМИ ДЛЯ ДАШБОРДА АНАЛИЗ ТЕКУЧЕСТИ (1С) (их много, поэтому эта витринка в фактах)"
DataMart,DshEmpDism_OneC_position,ВИТРИНА-СПРАВОЧНИК ДЛЯ ФИЛЬТРАЦИИ ДОЛЖНОСТЕЙ В РАМКАХ ГРУПП ДОЛЖНОСТЕЙ  С УНИКАЛЬНЫМИ  НАИМЕНОВАНИЯМИ ДОЛЖНОСТЕЙ (ПОТОМУ ЧТО ИМЕЮТСЯ ДОЛЖНОСТи С ОДИНАКОВЫМИ ДОЛЖНОСТЯМИ В РАЗНЫХ ГРУППАХ) на основе фактов текучки и штатки на основе последних 37 месяцев для дашборда (1C)
DataMart,DshEmpDism_OneC_position_uniq,ВИТРИНА-СПРАВОЧНИК ДЛЯ ФИЛЬТРАЦИИ ДОЛЖНОСТЕЙ В РАМКАХ ГРУПП ДОЛЖНОСТЕЙ  С УНИКАЛЬНЫМИ  НАИМЕНОВАНИЯМИ ДОЛЖНОСТЕЙ (ПОТОМУ ЧТО ИМЕЮТСЯ ДОЛЖНОСТи С ОДИНАКОВЫМИ ДОЛЖНОСТЯМИ В РАЗНЫХ ГРУППАХ) на основе фактов текучки и штатки на основе последних 37 месяцев для дашборда (1C)
DataMart,DshEmpDism_OneC_puid_uid_name,ТАБЛИЦА СВЯЗЕЙ КОМЛЕПКСНЫХ КЛЮЧЕЙ Id типа должности_ Наименование должности и Комплексный ключик Id типа подразделения_ Наименование подразделения на основе фактов текучки и штатки на основе последних 37 месяцев для дашборда (1C)
DataMart,DshEmpDism_OneC_unit,ВИТРИНА-СПРАВОЧНИК  ПО unit на основе фактов текучки и штатки на основе последних 37 месяцев для дашборда (1C)
DataMart,DshEmpDism_OneC_unit_uniq,ВИТРИНА-СПРАВОЧНИК ДЛЯ ФИЛЬТРАЦИИ ПОДРАЗДЕЛЕНИЙ И ТИПОВ ПОДРАЗДЕЛЕНИЙ С УНИКАЛЬНЫМи НАИМЕНОВАНИЯМИ ПОДРАЗДЕЛЕНИЙ И ТИПОВ ПОДРАЗДЕЛЕНИЙ  В РАМКАХ ТИПОВ  (ПОТОМУ ЧТО ИМЕЮТСЯ ПОДРАЗДЕЛЕНИЯ И ТИПЫ ПОДРАЗДЕЛЕНИЙ С ОДИНАКОВЫМИ НАИМЕНОВАНИЯМИ) на основе фактов текучки и штатки на основе последних 37 месяцев для дашборда (1C)
DataMart,DshGenerManag_ArrCliFnd,"ВИТРИНА ПО ПДСК по Месяцам, 63_УП 2/3 , Тип источника поступления денег (касса/рассчетный счет) (Содержит данные года вчерашней даты и трех предыдущих) !!! В данную витрину не попадают данные первички, в которых не определена 37-я классификация"
DataMart,DshGenerManag_Budg2KPISheet,"ВИТРИНА ПО  ПОКАЗАТЕЛЯМ БЮДЖЕТИРОВАНИЯ ДЛЯ ВКЛАДКИ KPI И ВКЛАДКИ Вкладка БП/РЕНТ Месяц, 63_УП 2/3"
DataMart,DshGenerManag_CCBOt,"ВИТРИНА ПО ПКБ ТО В РАЗРЕЗЕ Месяц, 63_УП 2/3, 305, Каналам, 71_2, типам клиентов фл/юл (Содержит данные года вчерашней даты и трех предыдущих) !!! только по юрикам !!! пока одна витрина на все Критерий определения ПКБ SELECT COUNT(DISTINCT(CliCode)) в рамках фильтра  HAVING(SumSaled) <> 0"
DataMart,DshGenerManag_CCBTrnFact,"ВИТРИНА ПО ПКБ ГО В РАЗРЕЗЕ Месяц, 63_УП 2/3, 305, Каналам, 71_2, типам клиентов фл/юл (Содержит данные года вчерашней даты и трех предыдущих) !!! пока одна витрина на все Критерий определения ПКБ SELECT COUNT(DISTINCT(CliCode)) в рамках фильтра HAVING(SumSaled) <> 0"
DataMart,DshGenerManag_DebtInv,"ВИТРИНА ПО ОДЗ И ПДЗ по Месяцам, 63_УП 2/3(Содержит данные года вчерашней даты и трех предыдущих, но не ранее 2023-03-01) Правила формирования следующие – в каждом закрытом месяце берется второй имеющийся по порядку срез  и он является анализом за предыдущий месяц (если второго среза еще нет, берется первый – это актулаьно для только что закончившегося календарного месяца); –для текущего не закончившемся месяце в качестве анализа текущего месяца берется Просто максимальный  срез  текущего месяца (какой есть, даже если это 1-й срез либо 2-й), по причине того, что на генеральском нет фильтра в начальных уровнях, а дебиторку надо хоть какую-то видеть"
DataMart,DshGenerManag_Exp_ExpSheet,"ВИТРИНА ПО  ЗАТРАТАМ (планы/факты )  ДЛЯ  ВКЛАДКИ Затраты и СВОД Месяц, 63_УП 2/3, Тип бюджета"
DataMart,DshGenerManag_InfoOt_RtnSheet,"ВИТРИНА ПО  ТО (планы/факты ), затратам  ДЛЯ  ВКЛАДКИ РТН Месяц, 63_УП 2/3, Канал"
DataMart,DshGenerManag_OtFact,"ВИТРИНА ПО ТО ФАКТАМ В РАЗРЕЗЕ Месяц, 63_УП 2/3, 305, Каналам, 71_2 (Содержит данные года вчерашней даты и трех предыдущих)"
DataMart,DshGenerManag_TrnBudgPlan,ВИТРИНЫ С БЮЖДЕТНЫМИ ПЛАНАМИ ГО ДЛЯ ТОП ДБ в разрезе (Дата/63_2/63_3/305_2/305_3/Канал/)
DataMart,DshGenerManag_TrnDelivTime,"ВИТРИНА ПО ГО срыв сроков поставок по Месяцам, 63_УП 2/3, в срок/срыв (Содержит данные года вчерашней даты и трех предыдущих, но не ранее 2023-03-01)"
DataMart,DshGenerManag_TrnFact,"ВИТРИНА ПО ГО ФАКТАМ В РАЗРЕЗЕ Месяц, 63_УП 2/3, 305, Каналам, 71_2 (Содержит данные года вчерашней даты и трех предыдущих)"
DataMart,DshGenerManag_TrnPlan,"ВИТРИНА ПО ГО ПЛАНМ В РАЗРЕЗЕ Месяц, 63_УП 2/3, 305, Каналам, 71_2 (!!! Сейчас по 305 не делится, тк непонятная ситуация с разнесением планов клиент/менеджер с учтом товарныъ коэффициентов – то ли данные кривыето ли запрос кривой по разнесению) (Содержит данные года вчерашней даты и трех предыдущих)"
DataMart,DshLogistManag_OnTimeDeliv_Mnth_vip,Витрина доставок на основе первичных данных с грануляцией до месяца для дашборда 'Своевременность доставок VIP-клиентам' (логистика)
DataMart,DshSalesManag_CBSheet_ACbTrnFact,"Витрина для Дашборда УП, Вкладка Работа с КБ (витрины по ПКБ, ЗКБ) ЗКБ в разрезе 63 УП, 71, 72"
DataMart,DshSalesManag_CBSheet_ACbTrnFact_Chan,"Витрина для Дашборда УП, Вкладка Работа с КБ (витрины по ПКБ, ЗКБ) ЗКБ в разрезе 63 УП, 71, 72, Канал, Подканал с показателем наличие подписанного договора"
DataMart,DshSalesManag_CBSheet_CCbTrnFact,"Витрина для Дашборда УП, Вкладка Работа с КБ (витрины по ПКБ, ЗКБ) ПКБ факт по ГО в разрезе 63 УП, 71, 72, Канал, Подканал, 305_1, 305"
DataMart,DshSalesManag_CBSheet_CCbTrnFact_Chan,"Витрина для Дашборда УП, Вкладка Работа с КБ (витрины по ПКБ, ЗКБ) ПКБ факт по ГО в разрезе 63 УП, 71, 72, Канал, Подканал"
DataMart,DshSalesManag_CBSheet_CCbTrnFact_Chan_Div,"Витрина для Дашборда УП, Вкладка Работа с КБ (витрины по ПКБ, ЗКБ) ПКБ факт по ГО в разрезе 63 УП, 71, 72, Канал, Подканал, 305_1, 305"
DataMart,DshSalesManag_CBSheet_CCbTrnPlanHalfYear,"Витрины для Дашборда УП, Вкладка Работа с КБ (витрины по ПКБ, ЗКБ) ПКБ бюджетный план, срез 'Полугодие'"
DataMart,DshSalesManag_CBSheet_CCbTrnPlanMonth,"Витрины для Дашборда УП, Вкладка Работа с КБ (витрины по ПКБ, ЗКБ) ПКБ бюджетный план, срез 'Месяц'"
DataMart,DshSalesManag_CBSheet_CCbTrnPlanQuarter,"Витрины для Дашборда УП, Вкладка Работа с КБ (витрины по ПКБ, ЗКБ) ПКБ бюджетный план, срез 'Квартал'"
DataMart,DshSalesManag_CBSheet_CCbTrnPlanYear,"ПКБ бюджетный план, срез 'Год'"
DataMart,DshSalesManag_CliTrnFPFrc_Cl63ChSbCh,"Витрина ГО факт, Бюджетные планы, Прогноз в разрезе 63_2б 63_3, Канал, Подканал для дашборда УП"
DataMart,DshSalesManag_CliTrnFPFrc_Cl63Cl305,"Витрина ГО факт, Бюджетные планы, прогноз  для ДБ УП в разрезе 63_2, 63_3, 305_1, 305 для дашборда УП"
DataMart,DshSalesManag_CliTrnFPFrc_Cl63SbChCl305,"Витрина ГО факт, Бюджетные планы, прогноз для ДБ УП в разрезе 63_2б 63_3, Канал, Подканал, 305_1, 305 для дашборда УП"
DataMart,DshSalesManag_EfDSMSheet_SalStafNoTarg,"Витрина по выработке МОПП для дашборда УП, вкладка эффективность МОПП (какая-то версия не используемая)"
DataMart,DshSalesManag_EfDSMSheet_SalStafTarg,Витрина по выработке МОПП для дашборда УП вкладка эффективность МОПП
DataMart,DshSalesManag_KPISheet_CCBTrnFact,"Витрина ПКБ факт в разрезе Месяц, 63_УП 2/3, 71_2, 72, тип клиента (юл/чл), канал, подканал, года текущий + предыдущий  - в отображении анализа, + год еще для расчета КР"
DataMart,DshSalesManag_KPISheet_CliTrn,"Витрина ГО факт, прогноз, оперплан  по Месяц, 63_УП 2/3, 71_2, 72, тип клиента (юл/чл), канал, подканал, года текущий + предыдущий  - в отображении анализа, + год еще для расчета КР для дашборда УП вкладка KPI"
DataMart,DshSalesManag_KPISheet_DebtInv,"Витрина для дашборда УП вкладка KPI ДЗ (ОДЗ, ПДЗ) Месяц, 63_УП 2/3, 71_2, 72, тип клиента (юл/чл), канал, подканал, года текущий + предыдущий  - в отображении анализа, + год еще для расчета КР Правила формирования следующие:  – в каждом закрытом месяце берется второй имеющийся по порядку срез  и он является анализом за предыдущий месяц (если второго среза еще нет, берется первый – это актулаьно для только что закончившегося календарного месяца);   –для текущего не закончившемся месяце в качестве анализа текущего месяца берется просто максимальный  срез  текущего месяца (какой есть, даже если это 1-й срез либо 2-й), по причине того, что дебиторку надо хоть какую-то видеть для текущего месяца"
DataMart,DshSalesManag_KPISheet_Ot,"Витрина для дашборда УП вкладка KPI по ТО факт, СС, РБ, бюдж план в разрезе Месяц, 63_УП 2/3, 71_2, 72, тип клиента (юл/чл), канал, подканал, года текущий + предыдущий  - в отображении анализа, + год еще для расчета КР"
DataMart,DshSalesManag_OtFP_Cl63ChSbCh,"Витрина для дашборда УП с ТО факт и Бюджетные планы в разрезе 63_2б 63_3, Канал, Подканал (здесь планы не нулевые)"
DataMart,DshSalesManag_OtFP_Cl63Cl305,"Витрина для дашборда УП с ТО факт и Бюджетные планы  в разрезе 63_2, 63_3, 305 (здесь планы не нулевые)"
DataMart,DshSalesManag_OtFP_Cl63SbChCl305,"Витрина для дашборда УП с ТО факт и Бюджетные планы в разрезе 63_2б 63_3, Канал, Подканал, 305 (здесь планы не нулевые)"
DataMart,DshSalesManag_OtSheet_Ot,"Витрина для дашборда УП вкладка ТО и РТН с ТО факт, СС, РБ, бюдж план  в разрезе Месяц, 63_УП 2/3, 71_2, 72, тип клиента (юл/чл), канал, подканал, 305_1/2        года текущий + предыдущий  - в отображении анализа, + год еще для расчета КР"
DataMart,DshSalesManag_TrnSheet_CCBTrnFact,"Витрина для дашборда УП вкладка ГО с ПКБ факт в разрезе Месяц, 63_УП 2/3, 71_2, 72, тип клиента (юл/чл), канал, подканал, 305_1/2 года текущий + предыдущий  - в отображении анализа, + год еще для расчета КР"
DataMart,DshSalesManag_TrnSheet_CliTrn,"Витрина для дашборда УП вкладка ГО с ГО факт, прогноз в разрезе Месяц, 63_УП 2/3, 71_2, 72, тип клиента (юл/чл), канал, подканал, 305_1/2        года текущий + предыдущий  - в отображении анализа, + год еще для расчета КР"
DataMart,CliTurnoverAgg,Витрина подрядчика для примера - как жить
DataMart,CliTurnoverAgg_CurrentMonth,Витрина подрядчика для примера - как жить
DataMart,DescManagement,Витрина подрядчика для примера - как жить
DataMart,DescMnfDivis,Витрина подрядчика для примера - как жить
DataMart,DescTargetGroup,Витрина подрядчика для примера - как жить
DataMart,DshLogistManag_SheetWMS_DtlNoOtgrDay,"Витрина для дашборда Управление логистики, вкладка WMS, для анализа детализации по складам, выборка данных по критерию State = 'Неотгружено' в разрезе дня"
DataMart,DshLogistManag_SheetWMS_DtlNoOtgrMnth,"Витрина для дашборда Управление логистики, вкладка WMS, для анализа детализации по складам, выборка данных по критерию State = 'Неотгружено' в разрезе месяца"
DataMart,DshLogistManag_SheetWMS_DtlNoPrinDay_Ext,"Витрина для дашборда Управление логистики, вкладка WMS,  для анализа доли вовремя/невовремя принятых строк и документов, в разрезе дня  для детализации по складам"
DataMart,DshLogistManag_SheetWMS_DtlNoPrinMnth_Ext,"Витрина для дашборда Управление логистики, вкладка WMS,  для анализа доли вовремя/невовремя принятых строк и документов, в разрезе месяца  для детализации по складам"
DataMart,DshLogistManag_SheetWMS_DtlShortDay,"Витрина для дашборда Управление логистики, вкладка WMS,  для анализа  детализации по причинам сокращения в разрезе дня"
DataMart,DshLogistManag_SheetWMS_DtlShortMnth,"Витрина для дашборда Управление логистики, вкладка WMS,  для анализа  детализации по причинам сокращения в разрезе месяца"
DataMart,DshLogistManag_SheetWMS_RsmNoOtgrDay,"Витрина для дашборда Управление логистики, вкладка WMS, для анализа доли неотгруженных строк и документов в общей массе отобранных строк и документов в разрезе дня, сводная"
DataMart,DshLogistManag_SheetWMS_RsmNoOtgrMnth,"Витрина для дашборда Управление логистики, вкладка WMS, для анализа доли неотгруженных строк и документов в общей массе отобранных строк и документов в разрезе месяца, сводная"
DataMart,DshLogistManag_SheetWMS_RsmNoPrinDay_Ext,"Витрина для дашборда Управление логистики, вкладка WMS,  для анализа доли вовремя/невовремя принятых строк и документов, в разрезе дня сводная (без детализации по складам)"
DataMart,DshLogistManag_SheetWMS_RsmNoPrinMnth_Ext,"Витрина для дашборда Управление логистики, вкладка WMS,  для анализа доли вовремя/невовремя принятых строк и документов, в разрезе месяца сводная (без детализации по складам)"
DataMart,DshLogistManag_SheetWMS_RsmShortDay,"Витрина для дашборда Управление логистики, вкладка WMS, для анализа доли сокращенных строк в разрезе дня, сводная"
DataMart,DshLogistManag_SheetWMS_RsmShortMnth,"Витрина для дашборда Управление логистики, вкладка WMS, для анализа доли сокращенных строк в разрезе месяца, сводная"
DataMart,DshStaff_CSCSheet_EmplDismPosTpUnDay,"Витрина для дашборда Укомплектованность, вкладка МОПП, динамики движения по должностям МОПП (приемы и увольнения) в разрезе  Период (дни), ЛЦ, подразделение, должность, группа (6 мес):"
DataMart,DshStaff_CSCSheet_EmplDismPosTpUnMnth,"Витрина для дашборда Укомплектованность, вкладка МОПП, динамики движения по должностям МОПП (приемы и увольнения) в разрезе  Период (месяцы), ЛЦ, подразделение, должность, группа (24 мес)"
DataMart,DshStaff_CSCSheet_Reference,"Справочник-витрина для дашборда Укомплектованность, вкладка МОПП из уникальных значений id должности, наименования должности, id типа должности, наименования типа должности, id типа региона, id подразделения на основе витрин DataMart.DshStaff_CSCSheet_StaffTablePosTpCatUnDay, DataMart.DshStaff_CSCSheet_EmplDismPosTpUnDay, DataMart.DshStaff_CSCSheet_EmplDismPosTpUnMnth, DataMart.DshStaff_CSCSheet_StaffTablePosTpUnMnth  "
DataMart,DshStaff_CSCSheet_StaffTablePosTpCatUnDay,"Витрина для дашборда Укомплектованность, вкладка МОПП об укомплектованности персонала (план и факт численности) по должностям в разрезе  Период (дни), ЛЦ, подразделение, должность, группа, категории должностей"
DataMart,DshStaff_CSCSheet_StaffTablePosTpUnMnth,"Витрина для дашборда Укомплектованность, вкладка МОПП об об укомплектованности персонала (план и факт численности) по должностям в разрезе  Период (месяц), ЛЦ, подразделение, должность, группа"
DataMart,DshStaff_GenKPISheet_EmplDism,"Витрина для дашборда 1С анализ укомплектованности и текучести, вкладка общие KPI по приемам и увольнениям  в разрезе  Дата (месяц), РК, ЛЦ, FuncDirection - level2, level3"
DataMart,DshStaff_GenKPISheet_StaffTable,"Витрина для дашборда 1С анализ укомплектованности и текучести, вкладка общие KPI по штатному расписанию План/Факт в разрезе Дата (месяц),  ЛЦ, РК, FuncDirection - level2, level3, level5, unit, position"
DataPrime,WmsInvoiceRsm,
public,Class37History,
public,Class37Plan,
public,OtResumeMan,
public,CliTurnoverDtl,
public,Ot,
public,ManManufact,
public,CliManufact,
public,DebtInvoice,
public,CompanyExpenses,
public,GrpRgdPlanSaleTerr,
public,MnfPlanOp,
public,IncomRgd,
DataPrime,MetaSubPrjDesc,
DataPrime,PrjSpr,
DataPrime,PrjDesc,
DataPrime,SubPrjDesc,
public,OtSubPrj,
public,CliTrnDtlSubPrj,
public,DescRgd,
DataPrime,SubPrjStat,
public,NelikvidRgd,
public,ReservRgd,
DataPrime,TerminateComplOld,
DataPrime,TerminateComplCurr,
public,RgdRem1f,
DataPrime,RgdDaysShip,
public,AbcFmrRgd,
public,RegionDescCommon,
public,NormAndOutcRgd,
public,LostRtnRgd,
public,OtgruzAssrtRgd,
public,Norm2PartRgd,
public,NormAndRemRgd,
public,CliTrnDebtResume,
public,MnfCntSuppStore,
DataPrime,RgdExpense,
public,ClassGroup,
public,Class3,
public,Class14,
public,Class31,
public,Class33,
public,Class37,
public,Class71,
public,Class72,
public,Class78,
public,Class63,
public,Class51,
public,Class82,
public,Class50,
public,Class98,
public,Class79,
public,Class81,
public,Class97,
public,Class132,
public,Class221,
public,DescMnf,
public,DescMan,
public,ManLinkClass50,
public,DescGdType,
public,DescVzam,
public,RgdLinkClass50,
public,RgdLinkClass82,
public,DescKontrag,
public,KontragLinkClass50,
DataPrime,Subdillers,
public,KontragLinkClass63,
public,KontragLinkClass79,
public,DescTpDirPerevoz,
public,PerevozRgdRsm,
public,RgdSumTurnover,
public,Class172,
public,Class173,
public,Class174,
public,Vw_PerevozRgdRsm_AllInfo,
public,Vw_CliPlan,
public,Vw_CliTrnDtlRgdAnl_DtlAnl,
public,RsmCliTrnRgdRsrvRem,
DataPrime,NoTreatedInv,
public,DescTypeLogin,
public,DescWayToLuggInBsk,
public,Vw_CliTrnDtlRgdAnl_AllInfo,
public,Vw_DebtInvoicePrj_AllInfo,
public,Vw_GroupCls98_1ByCls98_38,
public,Vw_IncomSumDataLogcntMnfCls33_2,
public,Vw_LostrtnRgd_AllInfo,
public,Vw_MnfSupplier,
public,Vw_OtSumDataLogcntMnfCls33_2,
public,Vw_RemSumDataLogcntMnfCls33_2,
public,Vw_ReservRgdRgdAnl_AllInfo,
public,Vw_RgdSumMnfCls33_2Profit,
public,Vw_RgdSumTrnSumDataStoreCls33_2,
public,Vw_ClTrnSumDataLogcntMnfCls33_2,
public,Vw_Ot_InfoForGrpRgdPlanSaleTerr,
public,Vw_Ot_InfoForMnfPlan,
public,Vw_DebtInvoice_AllInfo,
public,Vw_AbcFmrRgd82ClassQuality,
public,CliHeadHistory,
public,KontragLinkClass37Hist,
public,OtResumeCli,
public,OtResumeCliHd,
public,Vw_QntCliManAss_AllInfo,
public,Vw_QntCliManAssHd_AllInfo,
public,Vw_QntCliManOt_AllInfo,
public,Vw_QntCliHdManOt_AllInfo,
public,Vw_QntCliHdManOtPlan_AllInfo,
public,Vw_OtBudg_AllInfo,
public,Vw_QntSumCost_63_55_Cli_AllInfo,
public,Vw_QntSumCost_63_55_33_Cli_AllInfo,
public,Vw_QntSumCostOt_63_55_Cli_AllInfo,
public,Vw_QntSumCostOt_63_55_33_Cli_AllInfo,
public,Vw_AccCliHdHist,
public,Vw_ContCliHdHist,
public,Vw_DebtInvForAccCli,
public,Vw_AccCliHist,
public,Vw_OtForAccCli,
public,Vw_CliTrnDtlForAccCli,
public,Vw_OtgrAssrtRgd82ClassACG1_AllInfo,
public,DescCliBrand,
DataPrime,DescKPI,
DataPrime,StatKPI0001,
DataPrime,StatDay_CliTrnDtl_Kurnos,
DataPrime,PrelimStatDay_CliTrnDtl_Kurnos,
public,Class280,
DataPrime,ObjDesc,
DataPrime,McObjDesc,
public,StatDay_ReservAssrt,
DataPrime,RolesPersInObjPrjSpr,
public,active_events_mon,
public,cpu_usage_mon,
public,database_backups_mon,
DataPrime,IndicOperManag,
public,DebtAccRgd,
public,StatCompetitor_SC,
public,CliTrnRsmObjCls3,
public,OtRsmObjCls3,
public,DebtInvRsmClMnLast,
public,CliTrnRsmCli,
public,OtRsmCli,
public,CliTrnPlan,
public,CliTrnRsmCl37ManCli,
public,CliTrnRsmCl37Man,
public,CliTrnRsmCl37,
public,DebtInvRsmCl37ManCli,
public,DebtInvRsmCl37Man,
public,DebtInvRsmCl37,
public,OtRsmCl37ManCli,
public,OtRsmCl37Man,
public,OtRsmCl37,
public,Vw_StatCompetitSC_AllInfo,
public,Vw_StatCompetitIN_ETM,
public,Vw_StatCompetitGO_ETM,
public,Vw_DescCompetitors,
public,DebtInvRsmCli,
public,MlLnFrcMnth,
public,Vw_PlanMnfctBudg_AllInfo,
public,Vw_ManMnfctBudg_AllInfo,
public,Vw_CliMnfct_AllInfo,
public,Vw_Cls37HistPlan_AllInfo,
public,Vw_Cls37HistPlanCls63_AllInfo,
public,Vw_ManMnfctCls63OtRsmMan_AllInfo,
public,Vw_ManMnfct_AllInfo,
DataPrime,CliPayedMoneyDtl,
DataPrime,CliUnlcMoneyDtl,
DataPrime,CliPayedMoneyRsmCl37,
DataPrime,CliPayedMoneyRsmCl37Man,
DataPrime,CliPayedMoneyRsmCl37ManCli,
DataPrime,CliPayedMoneyRsmCli,
DataPrime,CliUnlcMoneyRsmCli,
public,OptimFrcMnth,
public,CliTrnRsmCliObjCls33,
public,StatEstOptMethFrc,
public,CliTrnRsmPrjMnfCl33,
public,CliTrnRsmPrjMnf,
public,OtRsmPrjMnfCl33,
public,OtRsmPrjMnf,
public,Vw_CliTrnDebtRsm_CliPlan,
public,Vw_OtCliAnl_AllInfo,
public,Class294,
public,Class295,
public,Class296,
public,KontragLinkClass295,
public,KontragLinkClass294,
public,KontragLinkClass296,
public,Vw_DescTraders,
public,Vw_DescKontrLnkCl296,
public,StatTraderBroker,
public,CBStatTrader,
public,TailStatTraderETM,
public,DescStock,
public,OtStock,
public,CliTrnDtlStock,
public,Vw_TailStatTraderETMQrt_AllInfo,
public,Class297,
public,Vw_CBStatTraderQrt_AllInfo,
public,Vw_CustomerBaseDataMart,
public,NoSaledAssrtOp,
public,PennyRsrvNlkRgd,
public,Class300,
public,Class305,
public,RgdDivisDprt,
public,Vw_CliTrnDtlCliAnl_AllInfo,
public,WrkDaysMnthETM,
DataPrime,VerMnth_CliTurnoverDtl,
public,DayCliTrnDtl,
public,DayRgdRem1f,
public,MaxInfoData,
public,DayIncomRgd,
public,DayLackAssort_LCCD,
public,DtMart_OperResumeCuMrkt,
public,DtMartOt_OperResumeCuMrk,
public,KoeffWrkDayCliTrnDtl,
public,OperPlanInvManag,
public,MnthOperFrcInvManag,
public,DayOperFrcInvManag,
public,InfoWrkDayLastMonth,
public,DayOperPlanInvManag,
public,OperPlanSumCliTrnDtl_OperRes,
public,PlanPaysToSuppliers,
public,FactPaysToSuppliers,
public,BudgPlanSumCliTrnDtl_OperRes,
public,KoeffCls33_2ForClTrnDtl,
public,KoeffCls33_2ForOt,
public,DescSeriesRgd,
public,StatesInvoice,
public,Vw_NormAndRemRgd_AllInfo,
public,Vw_RsmCliTrnRgdRsrvRemRem_AllInfo,
public,Vw_AbcFmrRgdAllInfo,
public,Class106,
public,Class206,
public,DescUsers,
DataPrime,CliActualArbitr,
DataPrime,RgdNormedInfo,
public,Vw_RgdRem1fRgdAnl_AllInfo,
public,Info_Sales_Funnel,
public,Data_Stock_Funnel,
DataPrime,SmsIpro,
public,dim_calendar_for_FactOper,
DataPrime,DescClustersInvRat,
DataPrime,InfoRgdClustersInvRat,
public,Dim_Divisions_TN_OperResDb,
public,Dim_SalesChannel_OperResDb,
public,Dim_TG_OperResDb,
public,dim_CKG_OperResDB,
public,Dim_clients_info_OperResDb,
public,Dim_upr_hierarchy_OperResDb,
public,Fact_OperatingResults_OperResDb_v2,
DataPrime,Vw_InfoRgdClustersInvRat_AllInfo,
public,KoeffWrkDayCliTrnDtlOpRs,
public,KoeffWrkDayOtOpRs,
public,Vw_IncomRgd_AllInfo,
public,Vw_NelikvidRgd_AllInfo,
public,Vw_NormAndOutcRgd_AllInfo,
DataPrime,Vw_TerminateComplOld,
DataPrime,Vw_TerminateComplCurr,
DataPrime,OperPlanInvManagMnf,
DataPrime,MnthOperFrcInvManagMnf,
DataPrime,Vw_NoTreatedInv_AllInfo,
DataPrime,Vw_SubPrjStat_AllInfo,
public,Fact_OperatingResults_OperResDb_v3,
DataMart,DshUtzOper_RsmCliTrnRem,
DataMart,DshUtzOper_ClusterInv,
DataMart,DshUtzOper_NlkPenny,
DataMart,v_CliTurnoverAgg,
DataPrime,CCB_CliTrn,
DataPrime,CCB_Ot,
DataPrime,CCB_GrpHd_CliTrn,
DataPrime,CCB_GrpHd_Ot,
DataPrime,TypesExpDelivDate2Cust,
DataPrime,MethsReceivingReq,
DataPrime,TypesBuyerReq,
DataMart,MngStrctMart,
DataMart,DshUtzStrat_LackAssort,
DataMart,DshUtzStrat_DayFactPlanFrc,
DataMart,DshUtzStrat_MnthIncomPlanFrc,
DataMart,DshUtzStrat_PaysToSuppl,
DataMart,DshUtzStrat_MnthClTrnRemPlanFrc,
DataPrime,PartCityBudgPlanOtSmSl,
DataPrime,PartCityBudgPlanTrnSmSl,
DataPrime,price_brand_nouse,
DataPrime,price_category_nouse,
DataPrime,price_link_nouse,
DataPrime,price_rgdinfo_nouse,
DataPrime,price_prcinfo,
DataPrime,Price98,
DataPrime,PlanInvManagPntSl,
DataMart,DshUtzTp_MartLv1,
DataMart,DshUtzTp_MartLv2,
DataPrime,Price483,
DataPrime,VatRates,
DataPrime,TBS_RgdRsm,
DataPrime,TBS_RgdBegCorrInfo,
DataPrime,DescReasonLackRgd,
DataPrime,DayReasonLackAssort_LCCD,
DataMart,DshUtzOper_TrnRemPlanFact,
DataPrime,GrpLegEntPersForCRM,
DataPrime,GrpIndivForCRM,
DataMart,DshUtzOper_DayLackAssort,
DataPrime,KoeffSeasCRM,
DataPrime,AverQrtCustDemTot_LegEnt,
DataPrime,AverQrtCustDemDiv_LegEnt,
DataPrime,AverQrtCustDemTot_Indiv,
DataPrime,LongTermGoalTot_LegEnt,
DataPrime,LongTermGoalDiv_LegEnt,
DataPrime,LongTermGoalTot_Indiv,
DataPrime,Rules_LongTermGoal_Indiv,
DataPrime,Scale_TargetETMShare_LegEnt,
DataPrime,ClientsMCBHistory,
DataPrime,PlanTargManManuf,
DataPrime,Price56,
DataPrime,OneC_RfBk_unit_type,
DataPrime,OneC_RfBk_city,
DataPrime,OneC_RfBk_position,
DataPrime,OneC_RfBk_position_type,
DataPrime,OneC_RfBk_work_experience,
DataPrime,OneC_RfBk_dismissal,
DataPrime,OneC_RfBk_type_employ,
DataPrime,OneC_RfBk_unit,
DataPrime,OneC_RfBk_region_type,
DataPrime,OneC_RfBk_region,
DataPrime,OneC_NumberEmpl,
DataPrime,Price83,
public,Class68,
DataPrime,OneC_Dismissal,
DataPrime,OneC_Dismissal_Reasons,
DataPrime,ScaleRangesDealAgreem,
DataPrime,NormDealAgreem,
DataPrime,InfoDealAgreem,
DataPrime,OneC_RfBk_emp_status,
DataMart,OneC_RfBk_Calendar_Empl_Dismiss,
DataPrime,OneC_RfBk_DescStaffTurnoverKPI,
DataPrime,OneC_RfBk_emp_specialization,
DataPrime,InfoManSg1049,
DataPrime,InfoManSg604,
DataMart,DshUtzTpQlt_MartLv1,
DataMart,DshUtzTpQlt_MartLv2,
DataPrime,OneC_RfBk_StaffTurnoverKPI,
DataMart,DshUtzOper_MnthLackAssort,
DataMart,SysLastTimeRenewTable,
DataPrime,DayOperFrcInvManagMnf,
DataPrime,DayOperPlanInvManagMnf,
DataMart,DshUtzOper_ShtIncMnthMnf,
DataMart,DshUtzOper_ShtIncDayMnf,
DataMart,DshUtzOper_ShtCliTrnMnthMnf,
DataMart,DshUtzOper_ShtCliTrnMnthMnfCl33,
DataMart,DshUtzOper_ShtCliTrnDayMnf,
DataMart,DshUtzOper_ShtCliTrnDayMnfCl33,
DataMart,DshUtzOper_ShtIncMnthMnfCl33,
DataMart,DshUtzOper_ShtIncDayMnfCl33,
DataMart,DshUtzOper_ShtCliTrn_DescMnf,
DataMart,DshUtzOper_ShtInc_DescMnf,
DataPrime,BudgExpensesPlan,
DataPrime,BudgExpensesFact,
DataPrime,BudgIncomeGoPlan,
DataPrime,BudgIncomeToPlan,
DataPrime,BudgIncomeToFact,
DataPrime,ArrivalCliFunds,
DataPrime,KoeffWrkDayCliTrnGeneral,
DataPrime,InfoDateDelivOnApplToSuppl,
DataPrime,InfoWriteOffApplByInc,
DataMart,DshUtzOper_ShtIncAppl_WriteOffMnf,
DataMart,DshUtzOper_ShtIncAppl_WriteOffMnfCl33,
DataPrime,RolesCliAmongObj,
public,KindJobCliObj,
DataMart,DshUtzOper_ShtIncAppl_DateDelivMnf,
DataMart,DshUtzOper_ShtIncAppl_DateDelivMnfCl33,
DataPrime,Cl98OverrideSlChan,
DataPrime,Rules_SlChanOnCl98,
DataPrime,RulesTypeBudgByCl97,
DataPrime,price_regionKeys_link_NetNum,
DataPrime,Last4QrtStatTrader_LegEnt,
DataPrime,Last4QrtStatTraderETM_LegEnt,
DataMart,Vw_StructCl63Mng_2_3,
DataMart,Vw_BudgTypeExp,
DataMart,Vw_ChannelsSale,
DataMart,Vw_Class71_2,
DataMart,Vw_Class72_2,
DataMart,Vw_TypeCust_LegIndiv,
DataPrime,Price_ManufactRRZ,
DataPrime,price_CPlinkNetNum,
DataPrime,RulesRspShortCl98_LongCl98,
DataPrime,BudgIncomeToPlan_ETMLayer,
DataPrime,BudgExpensesPlan_ETMLayer,
DataPrime,BudgExpensesFact_ETMLayer,
DataPrime,SegmentCRM_Indiv,
DataPrime,SegmentCRM_LegEnt,
DataPrime,ScaleByTrnETM4SegmCRM,
DataMart,Vw_Class305,
DataMart,KfSpec4DSMng,
DataMart,KfCat4DSMng,
DataPrime,Price283,
DataMart,Vw_DescMnf,
DataPrime,LastCloseMnthBudgData,
DataPrime,Price81,
DataPrime,RulesIncl98ClEtmLayer,
DataPrime,RulesExcl97ClEtmLayer,
DataPrime,RulesIncl97ClBudgMart,
DataPrime,RulesExcl97ClBudgMartClearExp,
DataMart,Vw_DescCostCenterOt,
DataPrime,CliTrnBudgPlanTN_Prem,
DataPrime,CliTrnBudgPlanAbs_Prem,
DataPrime,CliTrnBudgPlanRel_Prem,
DataPrime,CliTrnBudgPlan_Fin,
DataPrime,OtBudgPlanTN_Prem,
DataPrime,OtBudgPlanAbs_Prem,
DataPrime,OtBudgPlanRel_Prem,
DataPrime,OtBudgPlan_Fin,
DataPrime,price_koeffs,
DataPrime,OneC_RfBk_FuncDirection,
DataPrime,OneC_RfBk_FuncDirectionUnitGroup,
DataPrime,Onec_RfBk_SourceFrom,
DataPrime,Rules_ExclCl37FromACB4DtMarts,
DataPrime,price_id_link,
DataPrime,OneC_Employment,
DataPrime,InfoByersContracts,
DataPrime,InfoByersContractsAddit,
DataPrime,OneC_StaffSchedPlan,
DataMart,DshStaff_PosSheet_StaffTableUnMnth,
DataPrime,PlanTargManufCl55Cat,
DataPrime,NetNumAndStores,
DataPrime,Price482,
DataMart,DshStaff_SheetDsm_StaffTableSpStUnDay,
DataMart,DshStaff_SheetDsm_EmplDismSpStUnDay,
DataMart,DshStaff_PosSheet_StaffTablePosUnTpDay,
DataMart,DshStaff_PosSheet_EmplDismPosUnTpDay,
DataMart,DshStaff_PosSheet_RfBk_position,
DataPrime,RulesGroupMngStruct_Cl37ByCl63,
DataPrime,OneC_RfBk_RulesCatPosCSC,
DataPrime,KoeffWrkDayArrCliFndGeneral,
DataPrime,RulesCnvEmpStat1C2ProgCat,
DataPrime,ElmaRootProcStageCode,
DataPrime,ElmaChildProcStageCode,
DataPrime,ElmaChildProcReasonCode,
DataPrime,airflow_temp,
DataMart,Vw_OneC_RfBk_emp_status_prio,
DataPrime,price_comp_parse_nets,
DataPrime,Price_common_report,
DataPrime,Price_outliers_report,
DataPrime,RulesMnfAwardBonus,
DataPrime,DshLogistManag_TypeCodeLate,
DataPrime,DshLogistManag_TypeCodeArrival,
DataMart,DshEmpDism_OneC_unit_2,
DataMart,DshEmpDism_OneC_position_2,
DataMart,DshStaff_PosSheet_RfBk_DtlUnitTpNmUnTp,
DataMart,InfoIssAccTravelDoc_MonthlySummary_Last12Months,
DataMart,InfoIssAccTravelDoc_MonthlySummary_Last3Months,
DataMart,DshStaff_PosSheet_RfBk_UnitRgNmRgTpNm,
DataPrime,price_comp_status,
DataMart,DshStaff_PosSheet_RfBk_GrpUnitTpNmUnTp,
DataPrime,WmsInvoiceExtRsm,
DataPrime,TempValues,
DataMart,DshStaff_PosSheet_RfBk_unit,
DataPrime,InfoIssAccTravelDoc,
DataMart,InfoIssAccTravelDoc_DailySummary_Last12Months,
DataMart,InfoIssAccTravelDoc_DailySummary_Last3Months,
DataPrime,StoreLinkClass10,
