СountryID|RegionID|CityID|CityName
0|0|0|Вена
1|1|1|Хырдалан
1|2|2|Баку
2|3|3|Ереван
2|4|4|Абовян
2|5|5|Гюмри
3|6|6|Ишварди
4|7|7|Барановичи
4|7|8|Брест
4|7|9|Дрогичин
4|7|10|Пинск
4|8|11|Витебск
4|8|12|Орша
4|9|13|Гомель
4|9|14|Мозырь
4|10|15|Гродно
4|10|16|Свислочь
4|11|17|Борисов
4|11|18|Жодино
4|11|19|Копыль
4|11|20|Минск
4|11|21|Молодечно
4|12|22|Могилёв
5|13|23|Сараево
6|14|24|Рио-де-Жанейро
7|15|25|Лондон
8|16|26|Будапешт
9|17|27|Лимбург-на-Лане
9|17|28|Франкфурт-на-Майне
9|18|29|Берлин
9|19|30|Мюнхен
10|20|31|Батуми
10|21|32|Кутаиси
10|22|33|Тбилиси
11|23|34|Копенгаген
12|24|35|Тель-Авив
12|25|36|Петах-Тиква
13|26|37|Мумбаи
13|26|38|Пуна
14|27|39|Астана
14|28|40|Актобе
14|29|41|Алматы
14|30|42|Атырау
14|31|43|Усть-Каменогорск
14|32|44|Тараз
14|33|45|Уральск
14|34|46|Караганда
14|35|47|Костанай
14|36|48|Актау
14|36|49|Жанаозен
14|37|50|Павлодар
14|38|51|Петропавловск
14|39|52|Шымкент
15|40|53|Бишкек
15|40|54|Ош
16|41|55|Рига
17|42|56|Вильнюс
17|43|57|Каунас
18|44|58|Тирасполь
19|45|59|Донецк
19|45|60|Макеевка
19|45|61|Мариуполь
19|45|62|Снежное
19|45|63|Харцызск
19|45|64|Шахтерск
19|46|65|Мелитополь
19|47|66|Алчевск
19|47|67|Луганск
19|48|68|Неизвестно
20|49|69|Утрехт
20|50|70|Амстердам
20|51|71|Роттердам
21|52|72|Осло
22|53|73|Абу-Даби
22|54|74|Шарджа
23|55|75|Познань
23|56|76|Варшава
23|56|77|Ломянки
23|57|78|Вроцлав
23|58|79|Белосток
23|59|80|Бытом
23|59|81|Катовице
24|60|82|Алейск
24|60|83|Барнаул
24|60|84|Белокуриха
24|60|85|Бийск
24|60|86|Заринск
24|60|87|Камень-на-Оби
24|60|88|Новоалтайск
24|60|89|Рубцовск
24|61|90|Благовещенск
24|61|91|Зея
24|61|92|Тында
24|62|93|Архангельск
24|62|94|Вельск
24|62|95|Коряжма
24|62|96|Котлас
24|62|97|Мирный
24|62|98|Няндома
24|62|99|Северодвинск
24|63|100|Астрахань
24|63|101|Ахтубинск
24|64|102|Алексеевка
24|64|103|Белгород
24|64|104|Валуйки
24|64|105|Губкин
24|64|106|Новый Оскол
24|64|107|Старый Оскол
24|64|108|Строитель
24|64|109|Шебекино
24|65|110|Брянск
24|65|111|Клинцы
24|65|112|Трубчевск
24|65|113|Унеча
24|66|114|Александров
24|66|115|Владимир
24|66|116|Вязники
24|66|117|Гусь-Хрустальный
24|66|118|Камешково
24|66|119|Киржач
24|66|120|Ковров
24|66|121|Кольчугино
24|66|122|Костерёво
24|66|123|Лакинск
24|66|124|Меленки
24|66|125|Муром
24|66|126|Собинка
24|66|127|Струнино
24|66|128|Суздаль
24|66|129|Юрьев-Польский
24|67|130|Волгоград
24|67|131|Волжский
24|67|132|Камышин
24|67|133|Михайловка
24|67|134|Урюпинск
24|67|135|Фролово
24|68|136|Великий Устюг
24|68|137|Вологда
24|68|138|Кириллов
24|68|139|Сокол
24|68|140|Тотьма
24|68|141|Устюжна
24|68|142|Харовск
24|68|143|Череповец
24|69|144|Богучар
24|69|145|Борисоглебск
24|69|146|Воронеж
24|69|147|Калач
24|69|148|Лиски
24|69|149|Нововоронеж
24|69|150|Павловск
24|69|151|Россошь
24|69|152|Семилуки
24|69|153|Эртиль
24|70|154|Биробиджан
24|71|155|Краснокаменск
24|71|156|Чита
24|72|157|Вичуга
24|72|158|Иваново
24|72|159|Кинешма
24|72|160|Приволжск
24|72|161|Тейково
24|72|162|Фурманов
24|73|163|Алзамай
24|73|164|Ангарск
24|73|165|Байкальск
24|73|166|Братск
24|73|167|Железногорск-Илимский
24|73|168|Иркутск
24|73|169|Нижнеудинск
24|73|170|Саянск
24|73|171|Слюдянка
24|73|172|Тайшет
24|73|173|Усолье-Сибирское
24|73|174|Усть-Илимск
24|73|175|Усть-Кут
24|74|176|Нальчик
24|75|177|Калининград
24|75|178|Неман
24|75|179|Светлый
24|75|180|Советск
24|76|181|Балабаново
24|76|182|Калуга
24|76|183|Киров
24|76|184|Козельск
24|76|185|Людиново
24|76|186|Малоярославец
24|76|187|Обнинск
24|76|188|Сухиничи
24|76|189|Таруса
24|77|190|Петропавловск-Камчатский
24|78|191|Карачаевск
24|78|192|Черкесск
24|79|193|Анжеро-Судженск
24|79|194|Белово
24|79|195|Кемерово
24|79|196|Киселёвск
24|79|197|Ленинск-Кузнецкий
24|79|198|Междуреченск
24|79|199|Мыски
24|79|200|Новокузнецк
24|79|201|Осинники
24|79|202|Прокопьевск
24|79|203|Таштагол
24|79|204|Топки
24|79|205|Юрга
24|80|206|Вятские Поляны
24|80|207|Киров
24|80|208|Кирово-Чепецк
24|80|209|Котельнич
24|80|210|Омутнинск
24|81|211|Кострома
24|81|212|Мантурово
24|81|213|Нерехта
24|81|214|Шарья
24|82|215|Абинск
24|82|216|Анапа
24|82|217|Армавир
24|82|218|Белореченск
24|82|219|Геленджик
24|82|220|Гулькевичи
24|82|221|Ейск
24|82|222|Кореновск
24|82|223|Краснодар
24|82|224|Кропоткин
24|82|225|Крымск
24|82|226|Курганинск
24|82|227|Лабинск
24|82|228|Новокубанск
24|82|229|Новороссийск
24|82|230|Приморско-Ахтарск
24|82|231|Славянск-на-Кубани
24|82|232|Сочи
24|82|233|Темрюк
24|82|234|Тимашевск
24|82|235|Тихорецк
24|82|236|Туапсе
24|82|237|Усть-Лабинск
24|83|238|Ачинск
24|83|239|Железногорск
24|83|240|Зеленогорск
24|83|241|Канск
24|83|242|Кодинск
24|83|243|Красноярск
24|83|244|Лесосибирск
24|83|245|Минусинск
24|83|246|Назарово
24|83|247|Норильск
24|83|248|Сосновоборск
24|83|249|Ужур
24|83|250|Шарыпово
24|84|251|Далматово
24|84|252|Курган
24|84|253|Шадринск
24|84|254|Шумиха
24|85|255|Железногорск
24|85|256|Курск
24|85|257|Курчатов
24|85|258|Обоянь
24|85|259|Рыльск
24|86|260|Елец
24|86|261|Задонск
24|86|262|Лебедянь
24|86|263|Липецк
24|86|264|Усмань
24|87|265|Магадан
24|88|266|Апрелевка
24|88|267|Балашиха
24|88|268|Бронницы
24|88|269|Верея
24|88|270|Видное
24|88|271|Волоколамск
24|88|272|Воскресенск
24|88|273|Голицыно
24|88|274|Дедовск
24|88|275|Дзержинский
24|88|276|Дмитров
24|88|277|Долгопрудный
24|88|278|Домодедово
24|88|279|Дубна
24|88|280|Егорьевск
24|88|281|Жуковский
24|88|282|Зарайск
24|88|283|Звенигород
24|88|284|Ивантеевка
24|88|285|Истра
24|88|286|Кашира
24|88|287|Клин
24|88|288|Коломна
24|88|289|Королёв
24|88|290|Котельники
24|88|291|Красноармейск
24|88|292|Красногорск
24|88|293|Краснознаменск
24|88|294|Кубинка
24|88|295|Лобня
24|88|296|Лосино-Петровский
24|88|297|Луховицы
24|88|298|Лыткарино
24|88|299|Люберцы
24|88|300|Можайск
24|88|301|Москва
24|88|302|Мытищи
24|88|303|Наро-Фоминск
24|88|304|Ногинск
24|88|305|Одинцово
24|88|306|Орехово-Зуево
24|88|307|Павловский Посад
24|88|308|Подольск
24|88|309|Протвино
24|88|310|Пушкино
24|88|311|Пущино
24|88|312|Раменское
24|88|313|Реутов
24|88|314|Рошаль
24|88|315|Руза
24|88|316|Сергиев Посад
24|88|317|Серпухов
24|88|318|Солнечногорск
24|88|319|Старая Купавна
24|88|320|Ступино
24|88|321|Талдом
24|88|322|Фрязино
24|88|323|Химки
24|88|324|Хотьково
24|88|325|Черноголовка
24|88|326|Чехов
24|88|327|Шатура
24|88|328|Щёлково
24|88|329|Электрогорск
24|88|330|Электросталь
24|88|331|Электроугли
24|88|332|Яхрома
24|89|333|Апатиты
24|89|334|Кандалакша
24|89|335|Кировск
24|89|336|Ковдор
24|89|337|Мончегорск
24|89|338|Мурманск
24|89|339|Оленегорск
24|89|340|Полярные Зори
24|90|341|Нарьян-Мар
24|91|342|Арзамас
24|91|343|Балахна
24|91|344|Богородск
24|91|345|Бор
24|91|346|Выкса
24|91|347|Городец
24|91|348|Дзержинск
24|91|349|Заволжье
24|91|350|Кстово
24|91|351|Кулебаки
24|91|352|Нижний Новгород
24|91|353|Павлово
24|91|354|Саров
24|92|355|Боровичи
24|92|356|Валдай
24|92|357|Великий Новгород
24|92|358|Окуловка
24|92|359|Пестово
24|92|360|Старая Русса
24|93|361|Бердск
24|93|362|Искитим
24|93|363|Карасук
24|93|364|Куйбышев
24|93|365|Купино
24|93|366|Новосибирск
24|93|367|Тогучин
24|94|368|Калачинск
24|94|369|Омск
24|95|370|Бугуруслан
24|95|371|Бузулук
24|95|372|Гай
24|95|373|Кувандык
24|95|374|Медногорск
24|95|375|Новотроицк
24|95|376|Оренбург
24|95|377|Орск
24|95|378|Сорочинск
24|96|379|Ливны
24|96|380|Мценск
24|96|381|Орёл
24|97|382|Каменка
24|97|383|Кузнецк
24|97|384|Пенза
24|97|385|Сердобск
24|98|386|Александровск
24|98|387|Березники
24|98|388|Верещагино
24|98|389|Горнозаводск
24|98|390|Губаха
24|98|391|Добрянка
24|98|392|Красновишерск
24|98|393|Краснокамск
24|98|394|Кудымкар
24|98|395|Кунгур
24|98|396|Лысьва
24|98|397|Нытва
24|98|398|Оса
24|98|399|Пермь
24|98|400|Соликамск
24|98|401|Чайковский
24|98|402|Чернушка
24|98|403|Чусовой
24|99|404|Арсеньев
24|99|405|Артём
24|99|406|Большой Камень
24|99|407|Владивосток
24|99|408|Дальнегорск
24|99|409|Находка
24|99|410|Спасск-Дальний
24|99|411|Уссурийск
24|100|412|Великие Луки
24|100|413|Остров
24|100|414|Порхов
24|100|415|Псков
24|101|416|Майкоп
24|102|417|Горно-Алтайск
24|103|418|Баймак
24|103|419|Белебей
24|103|420|Белорецк
24|103|421|Бирск
24|103|422|Благовещенск
24|103|423|Давлеканово
24|103|424|Ишимбай
24|103|425|Кумертау
24|103|426|Мелеуз
24|103|427|Нефтекамск
24|103|428|Октябрьский
24|103|429|Салават
24|103|430|Сибай
24|103|431|Стерлитамак
24|103|432|Туймазы
24|103|433|Уфа
24|103|434|Учалы
24|103|435|Янаул
24|104|436|Улан-Удэ
24|105|437|Дербент
24|105|438|Избербаш
24|105|439|Каспийск
24|105|440|Кизляр
24|105|441|Махачкала
24|105|442|Хасавюрт
24|106|443|Назрань
24|107|444|Элиста
24|108|445|Кемь
24|108|446|Кондопога
24|108|447|Костомукша
24|108|448|Медвежьегорск
24|108|449|Олонец
24|108|450|Петрозаводск
24|108|451|Питкяранта
24|108|452|Сегежа
24|108|453|Сортавала
24|109|454|Воркута
24|109|455|Инта
24|109|456|Печора
24|109|457|Сосногорск
24|109|458|Сыктывкар
24|109|459|Усинск
24|109|460|Ухта
24|110|461|Алушта
24|110|462|Армянск
24|110|463|Бахчисарай
24|110|464|Джанкой
24|110|465|Евпатория
24|110|466|Керчь
24|110|467|Красноперекопск
24|110|468|Саки
24|110|469|Севастополь
24|110|470|Симферополь
24|110|471|Судак
24|110|472|Феодосия
24|110|473|Ялта
24|111|474|Волжск
24|111|475|Звенигово
24|111|476|Йошкар-Ола
24|111|477|Козьмодемьянск
24|112|478|Ковылкино
24|112|479|Рузаевка
24|112|480|Саранск
24|113|481|Алдан
24|113|482|Верхоянск
24|113|483|Ленск
24|113|484|Мирный
24|113|485|Нерюнгри
24|113|486|Якутск
24|114|487|Владикавказ
24|115|488|Азнакаево
24|115|489|Альметьевск
24|115|490|Бугульма
24|115|491|Елабуга
24|115|492|Заинск
24|115|493|Зеленодольск
24|115|494|Казань
24|115|495|Лениногорск
24|115|496|Мамадыш
24|115|497|Набережные Челны
24|115|498|Нижнекамск
24|115|499|Чистополь
24|116|500|Кызыл
24|117|501|Абакан
24|117|502|Саяногорск
24|118|503|Азов
24|118|504|Аксай
24|118|505|Батайск
24|118|506|Белая Калитва
24|118|507|Волгодонск
24|118|508|Гуково
24|118|509|Донецк
24|118|510|Каменск-Шахтинский
24|118|511|Миллерово
24|118|512|Новочеркасск
24|118|513|Новошахтинск
24|118|514|Ростов-на-Дону
24|118|515|Сальск
24|118|516|Семикаракорск
24|118|517|Таганрог
24|118|518|Шахты
24|119|519|Ряжск
24|119|520|Рязань
24|119|521|Сасово
24|119|522|Скопин
24|120|523|Жигулёвск
24|120|524|Кинель
24|120|525|Нефтегорск
24|120|526|Новокуйбышевск
24|120|527|Отрадный
24|120|528|Похвистнево
24|120|529|Самара
24|120|530|Сызрань
24|120|531|Тольятти
24|120|532|Чапаевск
24|121|533|Волосово
24|121|534|Волхов
24|121|535|Всеволожск
24|121|536|Выборг
24|121|537|Гатчина
24|121|538|Ивангород
24|121|539|Кингисепп
24|121|540|Кириши
24|121|541|Кировск
24|121|542|Коммунар
24|121|543|Кудрово
24|121|544|Луга
24|121|545|Мурино
24|121|546|Никольское
24|121|547|Новая Ладога
24|121|548|Отрадное
24|121|549|Пикалево
24|121|550|Подпорожье
24|121|551|Приозерск
24|121|552|Санкт-Петербург
24|121|553|Светогорск
24|121|554|Сертолово
24|121|555|Сланцы
24|121|556|Сосновый Бор
24|121|557|Тихвин
24|121|558|Тосно
24|121|559|Шлиссельбург
24|122|560|Аркадак
24|122|561|Аткарск
24|122|562|Балаково
24|122|563|Вольск
24|122|564|Ершов
24|122|565|Красноармейск
24|122|566|Ртищево
24|122|567|Саратов
24|122|568|Хвалынск
24|122|569|Энгельс
24|123|570|Корсаков
24|123|571|Курильск
24|123|572|Поронайск
24|123|573|Холмск
24|123|574|Южно-Сахалинск
24|124|575|Алапаевск
24|124|576|Арамиль
24|124|577|Артёмовский
24|124|578|Асбест
24|124|579|Берёзовский
24|124|580|Богданович
24|124|581|Верхний Тагил
24|124|582|Верхняя Пышма
24|124|583|Верхняя Салда
24|124|584|Екатеринбург
24|124|585|Заречный
24|124|586|Ирбит
24|124|587|Каменск-Уральский
24|124|588|Камышлов
24|124|589|Карпинск
24|124|590|Качканар
24|124|591|Кировград
24|124|592|Краснотурьинск
24|124|593|Красноуральск
24|124|594|Кушва
24|124|595|Лесной
24|124|596|Невьянск
24|124|597|Нижний Тагил
24|124|598|Нижняя Тура
24|124|599|Новая Ляля
24|124|600|Новоуральск
24|124|601|Первоуральск
24|124|602|Полевской
24|124|603|Ревда
24|124|604|Североуральск
24|124|605|Серов
24|124|606|Среднеуральск
24|124|607|Сысерть
24|124|608|Талица
24|125|609|Вязьма
24|125|610|Гагарин
24|125|611|Десногорск
24|125|612|Дорогобуж
24|125|613|Рославль
24|125|614|Сафоново
24|125|615|Смоленск
24|125|616|Ярцево
24|126|617|Будённовск
24|126|618|Георгиевск
24|126|619|Ессентуки
24|126|620|Зеленокумск
24|126|621|Ипатово
24|126|622|Кисловодск
24|126|623|Лермонтов
24|126|624|Минеральные Воды
24|126|625|Михайловск
24|126|626|Невинномысск
24|126|627|Нефтекумск
24|126|628|Пятигорск
24|126|629|Светлоград
24|126|630|Ставрополь
24|127|631|Мичуринск
24|127|632|Моршанск
24|127|633|Тамбов
24|128|634|Бежецк
24|128|635|Бологое
24|128|636|Вышний Волочёк
24|128|637|Кашин
24|128|638|Кимры
24|128|639|Конаково
24|128|640|Нелидово
24|128|641|Осташков
24|128|642|Ржев
24|128|643|Тверь
24|128|644|Торжок
24|128|645|Удомля
24|129|646|Асино
24|129|647|Северск
24|129|648|Стрежевой
24|129|649|Томск
24|130|650|Алексин
24|130|651|Богородицк
24|130|652|Донской
24|130|653|Ефремов
24|130|654|Киреевск
24|130|655|Новомосковск
24|130|656|Суворов
24|130|657|Тула
24|130|658|Узловая
24|130|659|Щекино
24|130|660|Ясногорск
24|131|661|Заводоуковск
24|131|662|Ишим
24|131|663|Тобольск
24|131|664|Тюмень
24|131|665|Ялуторовск
24|132|666|Воткинск
24|132|667|Глазов
24|132|668|Ижевск
24|132|669|Камбарка
24|132|670|Сарапул
24|133|671|Димитровград
24|133|672|Ульяновск
24|134|673|Амурск
24|134|674|Комсомольск-на-Амуре
24|134|675|Хабаровск
24|135|676|Белоярский
24|135|677|Когалым
24|135|678|Лангепас
24|135|679|Лянтор
24|135|680|Мегион
24|135|681|Нефтеюганск
24|135|682|Нижневартовск
24|135|683|Нягань
24|135|684|Покачи
24|135|685|Пыть-Ях
24|135|686|Радужный
24|135|687|Советский
24|135|688|Сургут
24|135|689|Урай
24|135|690|Ханты-Мансийск
24|135|691|Югорск
24|136|692|Аша
24|136|693|Златоуст
24|136|694|Касли
24|136|695|Катав-Ивановск
24|136|696|Копейск
24|136|697|Коркино
24|136|698|Куса
24|136|699|Кыштым
24|136|700|Магнитогорск
24|136|701|Миасс
24|136|702|Озёрск
24|136|703|Пласт
24|136|704|Сатка
24|136|705|Снежинск
24|136|706|Троицк
24|136|707|Трёхгорный
24|136|708|Усть-Катав
24|136|709|Чебаркуль
24|136|710|Челябинск
24|136|711|Южноуральск
24|137|712|Грозный
24|137|713|Гудермес
24|138|714|Алатырь
24|138|715|Канаш
24|138|716|Новочебоксарск
24|138|717|Чебоксары
24|138|718|Шумерля
24|138|719|Ядрин
24|139|720|Анадырь
24|139|721|Билибино
24|140|722|Губкинский
24|140|723|Лабытнанги
24|140|724|Надым
24|140|725|Новый Уренгой
24|140|726|Ноябрьск
24|140|727|Салехард
24|140|728|Тарко-Сале
24|141|729|Гаврилов-Ям
24|141|730|Переславль-Залесский
24|141|731|Ростов
24|141|732|Рыбинск
24|141|733|Тутаев
24|141|734|Углич
24|141|735|Ярославль
25|142|736|Вашингтон
25|143|737|Каунсил Блаффс
25|144|738|Сиэтл
25|145|739|Ашберн
25|145|740|Херндон
25|146|741|Нью Касл
25|147|742|Атланта
25|148|743|Чикаго
25|149|744|Калабасас
25|149|745|Лос-Анджелес
25|149|746|Ньюпорт-Бич
25|149|747|Сан-Хосе
25|149|748|Фримонт
25|149|749|Чула-Виста
25|150|750|Мейпл-Гров
25|151|751|Вестминстер
25|152|752|Лас-Вегас
25|153|753|Джерси-Сити
25|153|754|Клифтон
25|153|755|Секаукус
25|154|756|Нью-Йорк
25|155|757|Колумбус
25|155|758|Цинциннати
25|156|759|Форест Сити
25|157|760|Даллас
25|157|761|Ричардсон
25|158|762|Апопка
25|158|763|Майами
26|159|764|Белград
26|160|765|Суботица
26|161|766|Зренянин
26|162|767|Нови-Сад
27|163|768|Сингапур
28|164|769|Душанбе
29|165|770|Измир
29|166|771|Стамбул
30|167|772|Ташкент
31|168|773|Ужгород
31|169|774|Ивано-Франковск
31|170|775|Бровары
31|170|776|Ирпень
31|170|777|Киев
31|171|778|Кропивницкий
31|172|779|Львов
31|173|780|Николаев
31|174|781|Одесса
32|175|782|Хельсинки
33|176|783|Париж
34|177|784|Загреб
35|178|785|Будва
35|179|786|Подгорица
35|180|787|Тиват
35|181|788|Херцег-Нови
36|182|789|Женева
37|183|790|Але
37|183|791|Гётеборг
37|184|792|Стокгольм
38|185|793|Таллин
39|186|794|Токио
1|2|795|Ленкорань
2|187|796|Гавар
4|8|797|Полоцк
4|11|798|Смолевичи
12|24|799|Бат-Ям
12|188|800|Хайфа
14|33|801|Аксай
14|37|802|Экибастуз
14|189|803|Кызылорда
19|46|804|Энергодар
19|47|805|Антрацит
23|190|806|Краков
24|61|807|Свободный
24|62|808|Новодвинск
24|65|809|Стародуб
24|66|810|Покров
24|71|811|Нерчинск
24|71|812|Петровск-Забайкальский
24|73|813|Бодайбо
24|73|814|Вихоревка
24|73|815|Зима
24|73|816|Шелехов
24|75|817|Пионерский
24|77|818|Вилючинск
24|83|819|Дудинка
24|91|820|Урень
24|110|821|Щёлкино
24|117|822|Черногорск
24|121|823|Лодейное Поле
24|122|824|Балашов
24|124|825|Реж
24|126|826|Железноводск
24|127|827|Рассказово
24|132|828|Можга
24|136|829|Верхний Уфалей
24|136|830|Еманжелинск
25|153|831|Норт Берген
25|153|832|Ньюарк
25|191|833|Сент-Луис
30|192|834|Андижан
30|193|835|Наманган
30|194|836|Ургенч
31|195|837|Монастыриска
31|196|838|Харьков
33|197|839|Рубе
36|198|840|Цюрих
40|199|841|София
41|200|842|Бергамо
42|201|843|Торонто
4|11|844|Заславль
4|11|845|Солигорск
9|202|846|Потсдам
10|20|847|Кобулети
13|203|848|Бангалор
13|204|849|Фаридабад
14|205|850|Байконур
14|206|851|Семей
19|45|852|Горловка
19|46|853|Запорожье
19|47|854|Сорокино
22|207|855|Дубай
23|208|856|Элк
24|62|857|Мезень
24|63|858|Знаменск
24|65|859|Жуковка
24|73|860|Киренск
24|73|861|Черемхово
24|74|862|Баксан
24|75|863|Черняховск
24|82|864|Апшеронск
24|82|865|Горячий Ключ
24|85|866|Щигры
24|88|867|Краснозаводск
24|88|868|Озёры
24|89|869|Североморск
24|93|870|Черепаново
24|100|871|Невель
24|100|872|Опочка
24|103|873|Дюртюли
24|104|874|Закаменск
24|108|875|Беломорск
24|113|876|Удачный
24|121|877|Бокситогорск
24|124|878|Красноуфимск
24|124|879|Тавда
24|127|880|Уварово
24|134|881|Советская Гавань
24|136|882|Карталы
25|149|883|Сакраменто
25|155|884|Кливленд
25|209|885|Растон
26|210|886|Крагуевац
30|211|887|Самарканд
31|212|888|Горишние Плавни
32|213|889|Оулу
37|214|890|Лулео
43|215|891|Любляна
44|216|892|Брно
45|217|893|Претория
2|218|894|Ванадзор
4|7|895|Кобрин
4|8|896|Миоры
4|9|897|Ельск
4|9|898|Житковичи
4|9|899|Жлобин
4|9|900|Светлогорск
4|12|901|Бобруйск
7|219|902|Уиган
7|220|903|Оксфорд
8|221|904|Мишкольц
9|17|905|Кассель
9|222|906|Мёрс
13|223|907|Дели
14|31|908|Алтай
14|31|909|Риддер
14|34|910|Темиртау
16|41|911|Даугавпилс
17|224|912|Куршенай
19|45|913|Краматорск
19|45|914|Крестовка
20|51|915|Гаага
23|55|916|Калиш
23|225|917|Жешув
23|226|918|Гдыня
24|60|919|Яровое
24|61|920|Белогорск
24|61|921|Райчихинск
24|61|922|Сковородино
24|65|923|Новозыбков
24|66|924|Петушки
24|67|925|Котово
24|68|926|Вытегра
24|69|927|Бутурлиновка
24|69|928|Острогожск
24|72|929|Кохма
24|72|930|Шуя
24|73|931|Свирск
24|75|932|Славск
24|76|933|Жуков
24|76|934|Кондрово
24|77|935|Елизово
24|80|936|Слободской
24|81|937|Галич
24|82|938|Хадыженск
24|83|939|Дивногорск
24|83|940|Енисейск
24|86|941|Данков
24|88|942|Дрезна
24|88|943|Ликино-Дулево
24|89|944|Полярный
24|91|945|Лысково
24|91|946|Первомайск
24|92|947|Чудово
24|93|948|Барабинск
24|97|949|Заречный
24|97|950|Нижний Ломов
24|98|951|Очёр
24|99|952|Лесозаводск
24|99|953|Партизанск
24|100|954|Печоры
24|103|955|Межгорье
24|105|956|Буйнакск
24|108|957|Лахденпохья
24|109|958|Микунь
24|114|959|Ардон
24|115|960|Буинск
24|115|961|Иннополис
24|118|962|Зерноград
24|119|963|Касимов
24|122|964|Маркс
24|122|965|Пугачев
24|123|966|Оха
24|124|967|Верхняя Тура
24|124|968|Михайловск
24|124|969|Нижняя Салда
24|124|970|Сухой Лог
24|129|971|Колпашево
24|130|972|Венёв
24|130|973|Кимовск
24|136|974|Бакал
24|137|975|Аргун
24|140|976|Муравленко
25|146|977|Уилмингтон
25|151|978|Фредерик
25|157|979|Амарилло
25|158|980|Голливуд
25|191|981|Канзас-Сити
25|227|982|Финикс
25|228|983|Колумбия
28|229|984|Худжанд
30|230|985|Фергана
31|196|986|Мерефа
31|231|987|Винница
31|232|988|Житомир
31|233|989|Ровно
31|234|990|Каменец-Подольский
34|235|991|Сисак
40|236|992|Пловдив
40|237|993|Хасково
43|238|994|Блед
44|239|995|Прага
46|240|996|Брюссель
47|241|997|Мадрид
2|242|998|Аштарак
4|8|999|Новополоцк
7|243|1000|Сток-он-Трент
9|222|1001|Гельзенкирхен
9|222|1002|Дюссельдорф
12|25|1003|Ришон-ле-Цион
14|27|1004|Кокшетау
14|27|1005|Степногорск
14|28|1006|Алга
14|35|1007|Рудный
14|244|1008|Талдыкорган
17|224|1009|Шяуляй
17|245|1010|Утена
19|45|1011|Енакиево
19|45|1012|Чистяково
19|46|1013|Бердянск
20|50|1014|Харлем
20|246|1015|Стенберген
23|59|1016|Домброва-Гурнича
23|226|1017|Гданьск
23|247|1018|Лодзь
24|60|1019|Славгород
24|68|1020|Бабаево
24|73|1021|Тулун
24|75|1022|Зеленоградск
24|76|1023|Боровск
24|79|1024|Калтан
24|79|1025|Мариинск
24|79|1026|Полысаево
24|80|1027|Яранск
24|84|1028|Катайск
24|84|1029|Щучье
24|88|1030|Куровское
24|91|1031|Княгинино
24|91|1032|Навашино
24|91|1033|Чкаловск
24|91|1034|Шахунья
24|94|1035|Исилькуль
24|95|1036|Соль-Илецк
24|98|1037|Гремячинск
24|104|1038|Северобайкальск
24|105|1039|Кизилюрт
24|110|1040|Белогорск
24|118|1041|Пролетарск
24|124|1042|Дегтярск
24|124|1043|Туринск
24|126|1044|Новоалександровск
24|128|1045|Торопец
24|134|1046|Вяземский
24|136|1047|Нязепетровск
24|136|1048|Юрюзань
24|138|1049|Козловка
24|138|1050|Цивильск
24|139|1051|Певек
25|145|1052|Арлингтон
25|145|1053|Манассас
25|145|1054|Фэйрфакс
25|146|1055|Ньюарк
25|149|1056|Сан-Франциско
25|157|1057|Остин
25|248|1058|Гаррисберг
30|249|1059|Бухара
31|212|1060|Полтава
31|231|1061|Ямполь
31|232|1062|Малин
31|234|1063|Хмельницкий
31|250|1064|Горохов
31|251|1065|Днепр
31|251|1066|Кривой Рог
40|252|1067|Бургас
40|252|1068|Поморие
41|253|1069|Кальяри
48|254|1070|Афины
49|255|1071|Гонконг
4|7|1072|Ивацевичи
4|11|1073|Логойск
4|11|1074|Фаниполь
4|12|1075|Горки
7|256|1076|Норидж
9|257|1077|Штутгарт
12|258|1078|Иерусалим
14|39|1079|Кентау
14|259|1080|Жезказган
16|41|1081|Лиепая
16|41|1082|Юрмала
23|56|1083|Зелёнка
23|56|1084|Констанцин-Езорна
24|65|1085|Дятьково
24|67|1086|Котельниково
24|68|1087|Грязовец
24|69|1088|Бобров
24|75|1089|Гусев
24|79|1090|Берёзовский
24|79|1091|Гурьевск
24|81|1092|Буй
24|81|1093|Чухлома
24|86|1094|Чаплыгин
24|91|1095|Лукоянов
24|106|1096|Магас
24|106|1097|Сунжа
24|114|1098|Беслан
24|114|1099|Моздок
24|115|1100|Менделеевск
24|117|1101|Абаза
24|118|1102|Морозовск
24|126|1103|Изобильный
24|133|1104|Барыш
24|136|1105|Карабаш
25|153|1106|Эдисон
25|154|1107|Буффало
25|156|1108|Шарлотт
25|227|1109|Темпе
29|260|1110|Анкара
29|261|1111|Аланья
30|262|1112|Джизак
32|175|1113|Вантаа
35|263|1114|Сутоморе
35|264|1115|Котор
40|252|1116|Несебыр
40|252|1117|Свети-Влас
40|265|1118|Пазарджик
41|200|1119|Брешиа
50|266|1120|Тирана
51|267|1121|Лимассол
52|268|1122|Сарабури
53|269|1123|Тайбэй
2|270|1124|Мецамор
7|271|1125|Абердин
8|272|1126|Ньиредьхаза
15|273|1127|Каракол
16|274|1128|Талси
17|42|1129|Электренай
19|47|1130|Кадиевка
23|225|1131|Пшемысль
23|275|1132|Стараховице
24|62|1133|Онега
24|67|1134|Ленинск
24|71|1135|Шилка
24|72|1136|Наволоки
24|76|1137|Белоусово
24|76|1138|Ермолино
24|76|1139|Кременки
24|83|1140|Уяр
24|85|1141|Льгов
24|88|1142|Пересвет
24|91|1143|Перевоз
24|93|1144|Чулым
24|100|1145|Пустошка
24|114|1146|Алагир
24|115|1147|Бавлы
24|115|1148|Мензелинск
24|115|1149|Нурлат
24|124|1150|Верхотурье
24|126|1151|Новопавловск
24|128|1152|Зубцов
24|128|1153|Калязин
25|145|1154|Фоллс-Чёрч
25|276|1155|Бостон
26|277|1156|Лозница
29|278|1157|Бурса
30|279|1158|Навои
42|280|1159|Монреаль
52|281|1160|Бангкок
52|282|1161|Нан
54|283|1162|Братислава
55|284|1163|Сеул
2|270|1164|Вагаршапат
4|11|1165|Слуцк
7|285|1166|Ковентри
13|204|1167|Гургаон
14|39|1168|Туркестан
17|286|1169|Клайпеда
23|59|1170|Сосновец
24|63|1171|Харабали
24|75|1172|Приморск
24|79|1173|Салаир
24|91|1174|Сергач
24|93|1175|Обь
24|95|1176|Абдулино
24|99|1177|Фокино
24|113|1178|Нюрба
24|113|1179|Олекминск
24|122|1180|Новоузенск
24|123|1181|Углегорск
24|130|1182|Плавск
25|144|1183|Кенневик
25|248|1184|Питтсбург
29|261|1185|Анталья
47|287|1186|Овьедо
51|288|1187|Никосия
56|289|1188|Хайфон
2|4|1189|Раздан
2|187|1190|Севан
10|290|1191|Ахалцихе
19|47|1192|Брянка
19|47|1193|Хрустальный
23|291|1194|Быдгощ
24|79|1195|Тайга
24|80|1196|Уржум
24|115|1197|Агрыз
24|123|1198|Томари
25|157|1199|Хьюстон
25|158|1200|Тампа
40|292|1201|Благоевград
57|293|1202|Мельбурн
58|294|1203|Люксембург
19|45|1204|Новоазовск
24|91|1205|Ветлуга
24|93|1206|Татарск
24|123|1207|Долинск
24|134|1208|Бикин
25|149|1209|Санта-Клара
59|295|1210|Алжир
2|296|1211|Капан
4|7|1212|Берёза
7|297|1213|Лутон
9|222|1214|Беверунген
23|56|1215|Прушкув
23|298|1216|Билгорай
23|298|1217|Люблин
24|65|1218|Сураж
24|66|1219|Гороховец
24|67|1220|Новоаннинский
24|80|1221|Советск
24|81|1222|Волгореченск
24|89|1223|Заполярный
24|91|1224|Володарск
24|91|1225|Семенов
24|92|1226|Малая Вишера
24|93|1227|Болотное
24|93|1228|Каргат
24|98|1229|Кизел
24|106|1230|Малгобек
24|109|1231|Вуктыл
24|118|1232|Красный Сулин
24|121|1233|Любань
24|121|1234|Сясьстрой
24|130|1235|Болохово
24|136|1236|Миньяр
25|157|1237|Сан-Антонио
25|299|1238|Индианаполис
29|300|1239|Газиантеп
31|301|1240|Чернигов
33|302|1241|Страсбург
35|263|1242|Бар
49|303|1243|Чанша
56|289|1244|Кантхо
5|13|1245|Баня-Лука
7|285|1246|Вулвергемптон
10|304|1247|Гори
17|305|1248|Мажейкяй
19|47|1249|Старобельск
24|68|1250|Белозерск
24|83|1251|Боготол
24|113|1252|Вилюйск
24|118|1253|Цимлянск
24|128|1254|Андреаполь
24|136|1255|Сим
24|141|1256|Мышкин
25|156|1257|Морхед Сити
25|306|1258|Топика
38|307|1259|Нарва
41|308|1260|Рим
60|309|1261|Мехико
4|9|1262|Рогачёв
9|17|1263|Висбаден
9|222|1264|Мюнстер
14|34|1265|Сатпаев
17|310|1266|Мариямполе
19|45|1267|Амвросиевка
20|311|1268|Ассен
23|190|1269|Закопане
24|66|1270|Карабаново
24|69|1271|Поворино
24|83|1272|Иланский
24|89|1273|Островной
24|99|1274|Дальнереченск
24|103|1275|Агидель
24|124|1276|Волчанск
24|138|1277|Мариинский Посад
25|157|1278|Тайлер
25|158|1279|Форт-Лодердейл
25|248|1280|Филадельфия
25|312|1281|Портленд
31|171|1282|Светловодск
31|195|1283|Бережаны
31|250|1284|Луцк
31|251|1285|Новомосковск
31|313|1286|Черновцы
32|314|1287|Тампере
40|315|1288|Варна
42|316|1289|Ванкувер
61|317|1290|Хомс
2|296|1291|Горис
4|10|1292|Волковыск
4|10|1293|Лида
9|17|1294|Дармштадт
18|318|1295|Кишинев
23|55|1296|Загурув
23|247|1297|Велюнь
23|291|1298|Солец-Куявски
24|62|1299|Каргополь
24|66|1300|Радужный
24|71|1301|Хилок
24|88|1302|Высоковск
24|91|1303|Ворсма
24|104|1304|Гусиноозерск
24|106|1305|Карабулак
24|119|1306|Новомичуринск
24|121|1307|Приморск
24|123|1308|Невельск
24|123|1309|Шахтерск
24|126|1310|Благодарный
24|127|1311|Жердевка
24|141|1312|Данилов
25|150|1313|Миннеаполис
32|319|1314|Коувола
41|320|1315|Палермо
52|321|1316|Ко-Мапрао
62|322|1317|Рейкьявик
4|11|1318|Дзержинск
12|323|1319|Ашкелон
14|28|1320|Хромтау
24|72|1321|Родники
24|81|1322|Нея
24|108|1323|Пудож
24|127|1324|Котовск
24|133|1325|Новоульяновск
24|134|1326|Николаевск-на-Амуре
25|228|1327|Норт-Чарлстон
25|312|1328|Астория
25|324|1329|Солт-Лейк-Сити
32|175|1330|Киркконумми
24|89|1331|Кола
25|157|1332|Дентон
41|325|1333|Триест
1|326|1334|Нахичевань
12|323|1335|Ашдод
25|312|1336|Даллс
10|327|1337|Зугдиди
25|276|1338|Лоуэлл
40|328|1339|Русе
63|329|1340|Лима
9|257|1341|Карлсруэ
23|59|1342|Бендзин
23|59|1343|Забже
23|190|1344|Горлице
24|65|1345|Фокино
24|74|1346|Нарткала
24|75|1347|Гурьевск
29|330|1348|Мугла
40|331|1349|Габрово
57|332|1350|Сидней
11|333|1351|Орхус
14|31|1352|Курчатов
14|244|1353|Текели
23|59|1354|Бельско-Бяла
23|334|1355|Щецин
24|68|1356|Никольск
24|122|1357|Петровск
25|149|1358|Техачапи
25|149|1359|Эскондидо
25|228|1360|Гринвилл
25|312|1361|Сейлем
32|335|1362|Ювяскюля
40|252|1363|Созополь
40|336|1364|Сливен
2|5|1365|Артик
4|11|1366|Мядель
9|19|1367|Нюрнберг
14|34|1368|Балхаш
23|59|1369|Мысловице
23|298|1370|Бяла-Подляска
24|71|1371|Могоча
24|117|1372|Сорск
30|337|1373|Мубарек
40|338|1374|Перник
47|339|1375|Сарагоса
4|10|1376|Сморгонь
19|47|1377|Должанск
24|74|1378|Прохладный
24|75|1379|Багратионовск
24|76|1380|Сосенский
24|105|1381|Дагестанские Огни
25|157|1382|Херст
29|340|1383|Конья
30|337|1384|Карши
31|170|1385|Борисполь
32|175|1386|Эспоо
19|45|1387|Волноваха
24|71|1388|Борзя
24|84|1389|Куртамыш
25|156|1390|Гринвилл
33|341|1391|Монтаржи
40|342|1392|Добрич
54|343|1393|Банска-Быстрица
4|11|1394|Воложин
8|344|1395|Дебрецен
12|345|1396|Кирьят-Шмона
23|226|1397|Вейхерово
24|80|1398|Сосновка
25|156|1399|Дарем
26|346|1400|Панчево
31|347|1401|Золотоноша
32|348|1402|Миккели
40|349|1403|Стара-Загора
41|200|1404|Милан
46|350|1405|Намюр
2|187|1406|Мартуни
7|219|1407|Манчестер
7|351|1408|Петерхэд
8|352|1409|Шальготарьян
9|202|1410|Франкфурт-на-Одере
9|353|1411|Плауэн
12|25|1412|Нетания
17|245|1413|Висагинас
23|275|1414|Скальбмеж
23|298|1415|Пулавы
24|72|1416|Пучеж
24|75|1417|Балтийск
24|96|1418|Болхов
24|97|1419|Никольск
24|118|1420|Константиновск
24|122|1421|Шиханы
24|124|1422|Ивдель
25|149|1423|Глендейл
30|354|1424|Нукус
31|170|1425|Боярка
48|355|1426|Салоники
57|356|1427|Канберра
64|357|1428|Бухарест
65|358|1429|Коломбо
7|359|1430|Ливерпуль
9|222|1431|Эссен
12|25|1432|Реховот
15|360|1433|Джалал-Абад
16|361|1434|Сигулда
19|46|1435|Токмак
23|58|1436|Бельск-Подляски
24|66|1437|Судогда
24|67|1438|Петров Вал
25|145|1439|Александрия
25|149|1440|Окленд
25|151|1441|Колледж Парк
25|156|1442|Уильямстон
25|157|1443|Джорджтаун
25|158|1444|Норт Порт
25|248|1445|Кинг оф Пруссия
31|347|1446|Умань
36|362|1447|Базель
40|363|1448|Велико-Тырново
47|364|1449|Барселона
60|365|1450|Канкун
66|366|1451|Луанда
67|367|1452|Кастри
2|368|1453|Дилижан
9|369|1454|Ганновер
12|345|1455|Нагария
24|80|1456|Кирс
24|113|1457|Покровск
24|118|1458|Зверево
24|121|1459|Каменногорск
24|123|1460|Макаров
24|124|1461|Нижние Серги
24|128|1462|Кувшиново
25|157|1463|Форт-Уэрт
25|276|1464|Куинси
31|174|1465|Белгород-Днестровский
41|370|1466|Флоренция
68|371|1467|Манагуа
8|372|1468|Татабанья
9|353|1469|Хемниц
19|47|1470|Ровеньки
23|226|1471|Пуцк
24|68|1472|Красавино
24|86|1473|Грязи
24|120|1474|Октябрьск
25|146|1475|Довер
25|373|1476|Оберн
29|374|1477|Адана
29|375|1478|Каяпынар
31|169|1479|Калуш
52|321|1480|Пхукет
4|9|1481|Речица
7|376|1482|Портсмут
11|377|1483|Хиллерёд
16|41|1484|Елгава
23|225|1485|Мелец
24|95|1486|Ясный
24|109|1487|Емва
24|141|1488|Пошехонье
25|151|1489|Аннаполис
28|378|1490|Хорог
69|379|1491|Александрия
24|130|1492|Липки
25|151|1493|Силвер Спринг
25|158|1494|Бока-Ратон
70|380|1495|Манила
23|56|1496|Радом
25|312|1497|Хиллсборо
4|7|1498|Лунинец
4|10|1499|Новогрудок
4|12|1500|Осиповичи
19|381|1501|Скадовск
20|382|1502|Гронинген
24|60|1503|Змеиногорск
24|61|1504|Завитинск
24|75|1505|Светлогорск
24|76|1506|Жиздра
24|128|1507|Старица
25|154|1508|Брукхейвен
25|154|1509|Саутгемптон
25|156|1510|Моргантон
25|156|1511|Уилсон
25|209|1512|Уолкер
25|383|1513|Уотербери
25|384|1514|Флинт
25|385|1515|Биллингс
1|2|1516|Гянджа
4|8|1517|Барань
4|8|1518|Глубокое
12|188|1519|Хадера
19|45|1520|Дебальцево
24|64|1521|Грайворон
24|67|1522|Николаевск
24|72|1523|Плёс
24|74|1524|Терек
24|83|1525|Бородино
24|89|1526|Гаджиево
24|100|1527|Себеж
24|133|1528|Инза
25|148|1529|Эванстон
25|228|1530|Самтер
52|386|1531|Краби
71|387|1532|Дублин
8|388|1533|Секешфехервар
12|323|1534|Беэр-Шева
23|55|1535|Конин
24|127|1536|Кирсанов
25|149|1537|Сан-Диего
25|149|1538|Сонора
25|153|1539|Принстон
25|191|1540|Уоррентон
31|250|1541|Любомль
32|389|1542|Рованиеми
34|390|1543|Риека
37|391|1544|Лунд
37|391|1545|Мальмё
47|392|1546|Севилья
52|393|1547|Чианграй
72|394|1548|Гибралтар
2|395|1549|Арташат
4|7|1550|Иваново
9|222|1551|Кёльн
23|56|1552|Отвоцк
23|57|1553|Нова-Руда
23|226|1554|Хойнице
23|275|1555|Влощова
24|122|1556|Калининск
24|136|1557|Верхнеуральск
25|155|1558|Лима
25|396|1559|Ламар
26|397|1560|Смедерево
31|170|1561|Белая Церковь
31|195|1562|Залещики
31|347|1563|Черкассы
32|175|1564|Хювинкяа
40|292|1565|Банско
55|284|1566|Пусан
1|2|1567|Сумгаит
2|395|1568|Масис
4|12|1569|Кричев
9|17|1570|Хофхайм-ам-Таунус
10|290|1571|Ахалкалаки
14|28|1572|Кандыагаш
19|381|1573|Новая Каховка
23|57|1574|Любин
24|67|1575|Жирновск
25|149|1576|Ирвайн
25|153|1577|Атлантик-Сити
25|154|1578|Итака
25|398|1579|Джексон
25|399|1580|Лондондерри
26|400|1581|Бор
40|252|1582|Солнечный Берег
40|401|1583|Тырговиште
52|402|1584|Паттани
23|334|1585|Камень-Поморски
25|403|1586|Норман
29|166|1587|Фатих
73|404|1588|Мале
9|222|1589|Фирзен
16|41|1590|Валмиера
25|405|1591|Сидарберг
6|406|1592|Сан-Паулу
9|353|1593|Лейпциг
19|45|1594|Селидово
24|72|1595|Южа
24|85|1596|Дмитриев
25|144|1597|Ванкувер
25|145|1598|Ричмонд
25|147|1599|Коньерс
25|158|1600|Орландо
25|407|1601|Лексингтон
29|408|1602|Талас
29|409|1603|Мерсин
41|410|1604|Бари
42|201|1605|Гамильтон
4|9|1606|Наровля
14|35|1607|Лисаковск
14|244|1608|Жаркент
16|41|1609|Вентспилс
19|47|1610|Суходольск
23|57|1611|Свидница
24|65|1612|Злынка
24|89|1613|Снежногорск
25|154|1614|Бингемтон
25|157|1615|Эль-Пасо
25|398|1616|Рипли
30|249|1617|Гиждуван
32|411|1618|Лаппеэнранта
33|412|1619|Арль
40|315|1620|Бяла
2|296|1621|Агарак
4|9|1622|Чечерск
4|10|1623|Мосты
4|10|1624|Ошмяны
4|11|1625|Узда
17|413|1626|Друскининкай
21|414|1627|Ставангер
24|113|1628|Томмот
25|149|1629|Сан-Бруно
28|229|1630|Пенджикент
31|174|1631|Южное
32|415|1632|Сейняйоки
40|416|1633|Ловеч
1|417|1634|Гёйгёль
4|10|1635|Щучин
4|11|1636|Несвиж
9|222|1637|Леверкузен
12|345|1638|Акко
24|61|1639|Циолковский
24|80|1640|Белая Холуница
24|94|1641|Тара
26|418|1642|Ниш
38|419|1643|Тапа
74|420|1644|Денпасар
4|11|1645|Вилейка
8|421|1646|Сексард
9|257|1647|Пфорцхайм
12|24|1648|Холон
14|34|1649|Сарань
20|422|1650|Арнем
24|75|1651|Краснознаменск
25|151|1652|Балтимор
25|157|1653|Гонзалес
43|423|1654|Кршко
75|424|1655|Лиссабон
13|425|1656|Ченнай
23|225|1657|Глогув-Малопольски
37|426|1658|Крамфорс
37|427|1659|Финспонг
76|428|1660|Сантьяго
47|429|1661|Бильбао
2|368|1662|Айрум
19|381|1663|Геническ
22|430|1664|Рас-эль-Хайма
24|76|1665|Медынь
24|100|1666|Новосокольники
25|149|1667|Палм-Спрингс
25|153|1668|Трентон
29|431|1669|Атакум
31|195|1670|Тернополь
32|432|1671|Сало
32|432|1672|Турку
40|433|1673|Силистра
47|434|1674|Гандия
62|435|1675|Кефлавик
69|436|1676|Банха
77|437|1677|Буэнос-Айрес
78|438|1678|Монтевидео
7|439|1679|Галифакс
9|222|1680|Ахен
14|34|1681|Абай
24|67|1682|Калач-на-Дону
24|68|1683|Кадников
24|75|1684|Гвардейск
24|76|1685|Юхнов
24|108|1686|Суоярви
24|112|1687|Краснослободск
24|113|1688|Среднеколымск
25|145|1689|Стерлинг
25|148|1690|Рокфорд
25|405|1691|Милуоки
29|166|1692|Бакыркёй
29|261|1693|Муратпаша
29|409|1694|Гюльнар
29|440|1695|Кушадасы
29|441|1696|Чанаккале
29|442|1697|Эскишехир
33|443|1698|Эврё
49|444|1699|Яньтай
52|445|1700|Чиангмай
79|446|1701|Гавана
80|447|1702|Бамбари
7|448|1703|Суиндон
24|100|1704|Гдов
24|119|1705|Шацк
25|147|1706|Уорнер Робинс
25|149|1707|Вентура
25|158|1708|Джэксонвилл
29|431|1709|Самсун
14|27|1710|Щучинск
24|80|1711|Нолинск
24|122|1712|Красный Кут
25|149|1713|Саннивейл
25|299|1714|Терр Хот
29|261|1715|Финике
41|449|1716|Болонья
45|217|1717|Феринихинг
52|450|1718|Районг
14|27|1719|Ерейментау
25|145|1720|Лисбург
29|165|1721|Буджа
29|440|1722|Дидим
45|217|1723|Дурбан
49|451|1724|Ханчжоу
7|452|1725|Бристоль
19|381|1726|Каховка
25|158|1727|Брандон
25|453|1728|Киана
29|261|1729|Серик
37|454|1730|Оре
12|323|1731|Эйлат
25|145|1732|Рестон
29|165|1733|Конак
29|261|1734|Кемер
29|408|1735|Кайсери
45|217|1736|Йоханнесбург
81|455|1737|Танжер
9|18|1738|Гамбург
24|71|1739|Сретенск
24|85|1740|Суджа
25|143|1741|Де-Мойн
25|157|1742|Спринг
25|456|1743|Шайенн
29|457|1744|Гебзе
37|458|1745|Эммабода
47|364|1746|Таррагона
1|459|1747|Масаллы
2|368|1748|Берд
4|8|1749|Чашники
24|61|1750|Шимановск
24|84|1751|Петухово
25|157|1752|Аддисон
25|248|1753|Дюбуа
29|166|1754|Сарыер
29|330|1755|Фетхие
29|409|1756|Эрдемли
30|192|1757|Асака
30|460|1758|Янгиер
49|461|1759|Шицзячжуан
24|115|1760|Арск
24|119|1761|Спас-Клепики
25|149|1762|Аркадия
25|462|1763|Моргантаун
29|330|1764|Бодрум
29|409|1765|Силифке
29|463|1766|Чайэли
31|464|1767|Сумы
52|465|1768|Наратхиват
52|466|1769|Сатун
24|119|1770|Кораблино
25|144|1771|Паско
25|157|1772|Шугар-Ленд
33|467|1773|Трамбле-ан-Франс
60|468|1774|Аподака
82|469|1775|Доха
83|470|1776|Бейрут
14|30|1777|Кульсары
19|45|1778|Ждановка
24|100|1779|Пыталово
24|128|1780|Лихославль
25|383|1781|Бриджпорт
29|440|1782|Айдын
29|471|1783|Денизли
29|472|1784|Трабзон
31|251|1785|Павлоград
31|464|1786|Тростянец
33|473|1787|Монтобан
36|474|1788|Берн
39|475|1789|Осака
57|476|1790|Перт
17|413|1791|Алитус
24|64|1792|Короча
24|75|1793|Нестеров
29|477|1794|Хендек
37|458|1795|Кальмар
84|478|1796|Куала-Лумпур
29|479|1797|Балыкесир
31|173|1798|Первомайск
31|347|1799|Звенигородка
85|480|1800|Каракас
86|481|1801|Басра
2|270|1802|Армавир
4|11|1803|Березино
4|12|1804|Шклов
10|482|1805|Рустави
25|483|1806|Джонсон-Сити
29|261|1807|Манавгат
29|330|1808|Даламан
39|484|1809|Фукуока
1|485|1810|Дашкесан
4|7|1811|Пружаны
24|60|1812|Горняк
24|123|1813|Александровск-Сахалинский
24|128|1814|Весьегонск
25|385|1815|Хелена
29|486|1816|Чорлу
31|169|1817|Бурштын
12|323|1818|Нетивот
24|104|1819|Кяхта
25|154|1820|Ямайка
29|166|1821|Газиосманпаша
29|260|1822|Чанкая
31|170|1823|Обухов
14|244|1824|Ушарал
24|69|1825|Новохоперск
24|80|1826|Луза
29|166|1827|Кадыкёй
29|487|1828|Алашехир
31|172|1829|Червоноград
31|212|1830|Глобино
31|212|1831|Кременчуг
47|434|1832|Валенсия
52|488|1833|Сукхотхай
52|489|1834|Транг
52|490|1835|Чаченгсау
4|12|1836|Кличев
6|406|1837|Гуарульюс
21|491|1838|Кристиансунн
25|396|1839|Денвер
25|403|1840|Оклахома-Сити
29|492|1841|Чанкыры
29|493|1842|Ялова
33|494|1843|Шуази-ле-Руа
49|495|1844|Чжуншань
85|496|1845|Маракайбо
4|12|1846|Климовичи
25|157|1847|Дель Рио
29|261|1848|Газипаша
31|347|1849|Смела
24|80|1850|Мураши
24|83|1851|Игарка
25|299|1852|Паоли
29|409|1853|Енишехир
29|497|1854|Кютахья
4|9|1855|Добруш
9|19|1856|Фюрт
25|498|1857|Потакет
25|499|1858|Су-Фолс
29|300|1859|Шехиткямиль
42|280|1860|Квебек
49|500|1861|Тяньцзинь
74|501|1862|Медан
74|502|1863|Джакарта
4|8|1864|Докшицы
12|323|1865|Кирьят-Гат
19|47|1866|Первомайск
25|158|1867|Уэст-Палм-Бич
49|444|1868|Цзинань
52|503|1869|Канчанабури
52|504|1870|Ройет
14|29|1871|Каскелен
25|154|1872|Болдуин
25|384|1873|Детройт
29|505|1874|Батман
47|392|1875|Михас
69|506|1876|Каир
86|507|1877|Эрбиль
25|153|1878|Форт Ли
30|508|1879|Ангрен
4|7|1880|Белоозёрск
24|130|1881|Советск
25|158|1882|Окала
29|509|1883|Гиресун
24|92|1884|Сольцы
24|100|1885|Дно
25|154|1886|Саратога-Спрингс
74|510|1887|Тегал
4|12|1888|Быхов
14|31|1889|Зайсан
24|67|1890|Краснослободск
25|145|1891|Вудбридж
25|384|1892|Мидленд
4|11|1893|Крупки
24|67|1894|Суровикино
24|74|1895|Майский
25|148|1896|Спрингфилд
25|149|1897|Санта-Крус
25|151|1898|Бетесда
25|155|1899|Чилликоти
25|157|1900|Виктория
25|158|1901|Палм-Бич-Гарденз
29|166|1902|Бахчелиэвлер
31|301|1903|Нежин
36|198|1904|Винтертур
12|24|1905|Герцлия
24|65|1906|Карачев
25|156|1907|Роли
25|158|1908|Кейп Корал
25|228|1909|Батсберг-Лисвилл
25|383|1910|Бристоль
25|407|1911|Ашленд
29|166|1912|Бешикташ
29|261|1913|Каш
29|408|1914|Коджасинан
39|511|1915|Йокогама
55|512|1916|Чхунчхон
60|513|1917|Ласаро-Карденас
65|514|1918|Галле
9|202|1919|Бранденбург-на-Хафеле
24|125|1920|Починок
25|145|1921|Вьенна
25|228|1922|Миртл-Бич
29|375|1923|Диярбакыр
29|457|1924|Измит
31|251|1925|Терновка
31|464|1926|Ромны
87|515|1927|Табук
2|218|1928|Ташир
9|257|1929|Вайль-на-Рейне
19|46|1930|Днепрорудное
24|101|1931|Адыгейск
24|141|1932|Любим
25|144|1933|Спокан
25|154|1934|Соутолд
25|396|1935|Энглвуд
29|486|1936|Текирдаг
30|508|1937|Алмалык
31|195|1938|Кременец
33|516|1939|Ницца
88|517|1940|Газа
4|12|1941|Белыничи
14|31|1942|Аягоз
14|35|1943|Житикара
19|47|1944|Голубовка
24|64|1945|Бирюч
24|66|1946|Курлово
24|119|1947|Михайлов
25|276|1948|Кембридж
25|407|1949|Луисвилл
28|518|1950|Бохтар
29|330|1951|Мармарис
29|519|1952|Аксарай
29|520|1953|Шанлыурфа
30|262|1954|Галляарал
31|196|1955|Красноград
31|234|1956|Красилов
33|412|1957|Марсель
89|521|1958|Исламабад
24|89|1959|Заозёрск
25|248|1960|Бетлехем
74|510|1961|Семаранг
19|47|1962|Зоринск
29|431|1963|Джаник
9|222|1964|Зиген
14|34|1965|Шахтинск
24|72|1966|Комсомольск
24|87|1967|Сусуман
25|228|1968|Айл-оф-Палмс
25|299|1969|Блумингтон
31|250|1970|Киверцы
9|257|1971|Битигхайм-Биссинген
14|27|1972|Макинск
19|45|1973|Константиновка
24|92|1974|Холм
29|166|1975|Ускюдар
23|208|1976|Ольштын
25|157|1977|Ларедо
37|522|1978|Стуруман
41|523|1979|Турин
1|524|1980|Шамкир
4|12|1981|Костюковичи
20|50|1982|Хофддорп
25|144|1983|Уэнатчи
25|405|1984|Джейнсвилл
25|498|1985|Кранстон
25|525|1986|Кёр д'Ален
25|526|1987|Хастингс
29|166|1988|Эсенъюрт
52|527|1989|Убонратчатхани
90|528|1990|Самана
7|529|1991|Белфаст
14|38|1992|Булаево
14|39|1993|Ленгер
24|65|1994|Севск
24|112|1995|Инсар
25|151|1996|Таусон
29|165|1997|Каршияка
29|471|1998|Памуккале
29|479|1999|Бандырма
48|254|2000|Пирей
19|45|2001|Кальмиусское
24|123|2002|Северо-Курильск
2|4|2003|Егвард
25|525|2004|Бойсе
44|530|2005|Весели-над-Лужницы
6|531|2006|Флорианополис
9|19|2007|Регенсбург
24|65|2008|Почеп
24|110|2009|Алупка
25|248|2010|Джонстаун
25|299|2011|Спенсер
25|532|2012|Огаста
56|533|2013|Нячанг
2|5|2014|Маралик
14|34|2015|Приозёрск
24|80|2016|Орлов
24|121|2017|Высоцк
24|125|2018|Сычевка
25|147|2019|Джесап
25|157|2020|Плано
31|251|2021|Покров
33|534|2022|Курбевуа
60|535|2023|Пуэбла-де-Сарагоса
24|67|2024|Дубовка
25|143|2025|Спирит Лейк
25|156|2026|Хантерсвилл
25|384|2027|Кантон
29|536|2028|Зонгулдак
31|233|2029|Сарны
37|427|2030|Мьёльбю
49|500|2031|Пекин
84|537|2032|Джохор-Бару
2|296|2033|Каджаран
2|368|2034|Иджеван
24|75|2035|Правдинск
24|123|2036|Анива
25|158|2037|Дайтона Бич
25|228|2038|Бофорт
25|276|2039|Беверли
29|538|2040|Ширнак
31|169|2041|Коломыя
42|280|2042|Лаваль
13|539|2043|Дибругарх
14|38|2044|Тайынша
20|540|2045|Венрай
24|70|2046|Облучье
24|85|2047|Фатеж
25|153|2048|Эджуотер
25|158|2049|Тамарак
25|456|2050|Шеридан
29|166|2051|Кючюкчекмедже
30|508|2052|Чирчик
31|168|2053|Свалява
31|301|2054|Прилуки
49|495|2055|Шэньчжэнь
7|541|2056|Глазго
25|145|2057|Уэйнсборо
2|4|2058|Чаренцаван
24|91|2059|Горбатов
31|464|2060|Ахтырка
49|542|2061|Ухань
12|345|2062|Назарет
19|47|2063|Кипучее
25|149|2064|Ливермор
25|407|2065|Ковингтон
29|166|2066|Багджилар
49|495|2067|Гуанчжоу
25|147|2068|Альфаретта
30|249|2069|Караулбазар
9|222|2070|Варштайн
24|81|2071|Кологрив
24|83|2072|Заозерный
24|128|2073|Западная Двина
25|149|2074|Бербанк
25|276|2075|Спрингфилд
25|407|2076|Мейсвилл
30|230|2077|Коканд
52|543|2078|Аюттхая
9|544|2079|Бремен
24|128|2080|Белый
25|149|2081|Юкайа
25|191|2082|О'фаллон
25|483|2083|Нашвилл
29|166|2084|Малтепе
31|171|2085|Александрия
52|545|2086|Нонтхабури
24|74|2087|Тырныауз
24|130|2088|Белёв
52|546|2089|Сонгкхла
91|547|2090|Улан-Батор
29|166|2091|Аташехир
29|548|2092|Ыспарта
25|299|2093|Уэст Лафайетт
25|483|2094|Мемфис
92|549|2095|Виктория
7|220|2096|Абингдон
7|550|2097|Эдинбург
24|104|2098|Бабушкин
30|337|2099|Гузар
31|172|2100|Броды
31|174|2101|Черноморск
31|464|2102|Бурынь
10|290|2103|Боржоми
13|551|2104|Тируванантапурам
21|414|2105|Саннес
25|144|2106|Эдмондс
25|147|2107|Камминг
25|149|2108|Норуолк
29|409|2109|Мезитли
31|172|2110|Стрый
24|75|2111|Озёрск
31|232|2112|Коростышев
31|231|2113|Могилёв-Подольский
44|530|2114|Ческе-Будеёвице
30|354|2115|Турткуль
19|45|2116|Углегорск
25|248|2117|Йорк
25|407|2118|Франкфорт
25|552|2119|Каполеи
14|29|2120|Конаев
24|88|2121|Белоозерский
24|121|2122|Неизвестно
25|156|2123|Роки-Маунт
25|312|2124|Медфорд
25|384|2125|Трой
42|553|2126|Оттава
44|554|2127|Границе
4|10|2128|Слоним
9|19|2129|Дахау
24|72|2130|Заволжск
24|76|2131|Спас-Деменск
25|153|2132|Патерсон
29|555|2133|Артвин
52|556|2134|Уттарадит
24|137|2135|Шали
25|155|2136|Дейтон
93|557|2137|Катманду
25|144|2138|Федерал-Уэй
4|11|2139|Червень
9|222|2140|Виттен
25|248|2141|Стейт Колледж
30|508|2142|Ахангаран
51|558|2143|Кирения
65|559|2144|Курунегала
29|560|2145|Афьонкарахисар
12|25|2146|Рамла
24|94|2147|Тюкалинск
24|97|2148|Сурск
24|98|2149|Чердынь
25|405|2150|Рэйсин
30|561|2151|Байсун
25|149|2152|Эль Кахон
25|155|2153|Мэнсфилд
25|248|2154|Мидвилл
49|444|2155|Циндао
24|65|2156|Сельцо
24|75|2157|Мамоново
25|453|2158|Анкоридж
41|562|2159|Падуя
86|563|2160|Мосул
14|37|2161|Аксу
25|145|2162|Питерсберг
25|149|2163|Маунтин-Вью
25|154|2164|Корнинг
25|383|2165|Норвич
33|467|2166|Обервилье
52|321|2167|Чалонг
24|80|2168|Зуевка
24|119|2169|Спасск-Рязанский
52|564|2170|Ангтхонг
25|384|2171|Энн-Арбор
7|565|2172|Бостон
15|566|2173|Талас
20|540|2174|Маастрихт
24|119|2175|Рыбное
25|147|2176|Томасвилл
29|567|2177|Мардин
12|345|2178|Тверия
24|74|2179|Чегем
29|568|2180|Биледжик
29|569|2181|Сивас
32|175|2182|Порвоо
47|570|2183|Мурсия
24|78|2184|Усть-Джегута
24|97|2185|Белинский
25|158|2186|Майами-Бич
25|158|2187|Нейплс
29|166|2188|Чекмекёй
30|249|2189|Газли
24|71|2190|Балей
24|72|2191|Гаврилов Посад
24|112|2192|Ардатов
33|467|2193|Сен-Дени
7|15|2194|Кардифф
9|19|2195|Гунценхаузен
25|149|2196|Пласентия
29|261|2197|Коньяалты
55|284|2198|Инчхон
25|312|2199|Розберг
85|571|2200|Эль Тигре
87|515|2201|Джидда
7|297|2202|Бедфорд
49|572|2203|Чжэнчжоу
7|376|2204|Саутгемптон
23|58|2205|Ломжа
25|147|2206|Хайнсвилл
29|166|2207|Умрание
49|573|2208|Тайюань
28|574|2209|Вахдат
30|354|2210|Кунград
94|575|2211|Богота
24|115|2212|Болгар
25|157|2213|Арлингтон
25|228|2214|Чарлстон
25|405|2215|Мэдисон
24|97|2216|Спасск
25|149|2217|Дэвис
25|525|2218|Боннерс Ферри
29|166|2219|Бейликдюзю
30|354|2220|Тахиаташ
39|576|2221|Тиба
9|19|2222|Аугсбург
25|151|2223|Роквилл
25|191|2224|Мексико
25|312|2225|Корваллис
41|370|2226|Ареццо
44|577|2227|Кладно
95|578|2228|Найроби
96|579|2229|Тегеран
96|580|2230|Мешхед
25|149|2231|Аламида
25|157|2232|Карроллтон
29|261|2233|Аксу
30|508|2234|Янгиюль
10|581|2235|Озургети
21|582|2236|Берген
24|83|2237|Артемовск
24|98|2238|Чёрмоз
25|228|2239|Форт-Милл
9|257|2240|Бад-Мергентхайм
25|147|2241|Ричмонд Хилл
25|209|2242|Батон-Руж
25|209|2243|Лафайетт
25|312|2244|Пендлтон
42|316|2245|Нанаймо
49|495|2246|Фошань
24|125|2247|Демидов
25|149|2248|Уитьер
25|583|2249|Монтпилиер
29|165|2250|Мендерес
47|392|2251|Гранада
25|191|2252|Хазлвуд
29|409|2253|Анамур
75|584|2254|Порту
25|158|2255|Уинтер Гарден
13|26|2256|Тхане
24|110|2257|Старый Крым
25|149|2258|Сан Луис Обиспо
29|585|2259|Антакья
14|31|2260|Шемонаиха
24|76|2261|Мещовск
76|586|2262|Антофагаста
9|587|2263|Магдебург
9|588|2264|Нордерштедт
25|149|2265|Гилрой
25|149|2266|Стэнфорд
29|165|2267|Борнова
79|446|2268|Ольгин
25|149|2269|Пасадена
29|166|2270|Бейоглу
30|337|2271|Бешкент
49|495|2272|Хойчжоу
49|589|2273|Харбин
25|154|2274|Олбани
25|532|2275|Уэлс
47|434|2276|Эльче
4|7|2277|Жабинка
13|551|2278|Коччи
24|96|2279|Малоархангельск
25|149|2280|Новато
25|154|2281|Скенектади
25|483|2282|Кларксвилл
33|534|2283|Малакофф
25|145|2284|Фронт Ройал
25|157|2285|Кэти
52|590|2286|Паттайя
24|115|2287|Лаишево
25|151|2288|Элкридж
25|276|2289|Биллерика
25|373|2290|Монтгомери
25|384|2291|Манисти
25|532|2292|Бангор
29|166|2293|Картал
30|508|2294|Келес
24|67|2295|Палласовка
24|75|2296|Полесск
25|149|2297|Фонтана
25|157|2298|Фултон
25|228|2299|Хилтон-Хед-Айленд
25|483|2300|Ноксвилл
25|552|2301|Гонолулу
29|487|2302|Маниса
25|228|2303|Тиммонсвилл
25|583|2304|Саут-Берлингтон
49|495|2305|Дунгуань
69|591|2306|Шарм-эль-Шейх
25|384|2307|Баттл Крик
33|592|2308|Тулуза
7|593|2309|Милтон-Кинс
13|594|2310|Варангал
25|312|2311|Бивертон
25|324|2312|Пангитч
25|145|2313|Хэмптон
25|153|2314|Рауэй
30|508|2315|Нурафшон
37|595|2316|Уппсала
44|596|2317|Трутнов
97|597|2318|Панама
98|598|2319|Кампала
9|222|2320|Санкт-Августин
14|32|2321|Каратау
25|147|2322|Акворт
25|228|2323|Эйкен
4|10|2324|Островец
9|257|2325|Констанц
25|157|2326|Хамбл
25|405|2327|Спарта
46|240|2328|Герардсберген
9|257|2329|Мосбах
24|65|2330|Мглин
24|97|2331|Городище
2|4|2332|Бюрегаван
25|145|2333|Гретна
56|289|2334|Хошимин
25|158|2335|Дирфилд Бич
25|154|2336|Трой
25|155|2337|Сидней
25|158|2338|Помпано Бич
37|214|2339|Буден
4|11|2340|Любань
24|63|2341|Камызяк
25|373|2342|Мобил
65|514|2343|Хабарадува
86|599|2344|Багдад
2|600|2345|Ехегнадзор
24|125|2346|Рудня
25|157|2347|Ирвинг
25|157|2348|Пасадина
25|154|2349|Платтсбург
25|155|2350|Сильвания
25|149|2351|Сан Клемент
29|601|2352|Невшехир
25|157|2353|Мидланд
25|158|2354|Корал Спрингс
29|166|2355|Авджилар
29|166|2356|Пендик
24|100|2357|Новоржев
25|151|2358|Элктон
25|248|2359|Юнионтаун
35|178|2360|Петровац
41|320|2361|Катания
7|602|2362|Кингстон-апон-Халл
25|147|2363|Декейтер
25|383|2364|Берлин
29|603|2365|Кыркларели
2|395|2366|Арарат
7|604|2367|Ноттингем
14|29|2368|Талгар
25|148|2369|Вудсток
25|158|2370|Пемброк-Пайнс
25|384|2371|Ханкок
99|605|2372|Пномпень
7|285|2373|Бирмингем
14|31|2374|Серебрянск
24|125|2375|Духовщина
25|383|2376|Нью-Хейвен
49|451|2377|Чжуцзи
25|144|2378|Маунт-Вернон
30|508|2379|Бекабад
7|606|2380|Мейдстон
12|345|2381|Ноф-ха-Галиль
14|38|2382|Мамлютка
24|80|2383|Малмыж
25|248|2384|Блумсберг
25|299|2385|Винсеннес
29|166|2386|Зейтинбурну
29|607|2387|Бурдур
34|608|2388|Вараждин
44|577|2389|Рудна
7|609|2390|Честерфилд
9|222|2391|Менден
29|409|2392|Акдениз
29|607|2393|Буджак
47|364|2394|Бадалона
7|610|2395|Слау
25|384|2396|Маскегон
29|457|2397|Дарыджа
49|451|2398|Нинбо
25|149|2399|Розвилл
2|187|2400|Варденис
25|147|2401|Америкус
29|260|2402|Бейпазары
29|479|2403|Алтыэйлюль
6|611|2404|Бразилиа
25|145|2405|Норфолк
25|148|2406|Батавия
25|299|2407|Нью Олбани
25|145|2408|Спрингфилд
56|289|2409|Ханой
25|149|2410|Ланкастер
25|227|2411|Тусон
25|373|2412|Бирмингем
15|273|2413|Балыкчи
24|133|2414|Сенгилей
29|612|2415|Караман
35|178|2416|Бечичи
25|299|2417|Ангола
38|307|2418|Йыхви
25|149|2419|Фресно
25|151|2420|Гейтерсберг
25|155|2421|Галлиполис
33|613|2422|Корбей-Эсон
69|614|2423|Суэц
1|615|2424|Кахи
4|10|2425|Зельва
22|616|2426|Аджман
24|76|2427|Мосальск
25|153|2428|Кранфорд
9|222|2429|Хамм
25|147|2430|Калхун
25|149|2431|Окхерст
25|149|2432|Уолнат-Крик
25|144|2433|Олимпия
25|149|2434|Лодай
29|340|2435|Каратай
25|147|2436|Атенс
79|446|2437|Кайо-Коко
100|617|2438|Монако
1|618|2439|Загатала
24|63|2440|Нариманов
25|158|2441|Плантейшен
25|384|2442|Кадиллак
24|98|2443|Оханск
49|451|2444|Вэньчжоу
13|594|2445|Хайдарабад
4|11|2446|Марьина Горка
9|257|2447|Баден-Баден
9|619|2448|Шверин
29|620|2449|Эрбаа
77|621|2450|Корриентес
9|222|2451|Мюльхайм-на-Руре
25|149|2452|Сан-Бернардино
25|248|2453|Гибсония
87|515|2454|Эр-Рияд
13|622|2455|Райпур
15|623|2456|Токмак
33|624|2457|Анси
101|625|2458|Окленд
9|222|2459|Нойс
14|31|2460|Чарск
24|67|2461|Серафимович
25|145|2462|Чесапик
25|156|2463|Хендерсонвилл
29|166|2464|Шишли
37|427|2465|Норрчёпинг
41|200|2466|Дезенцано-дель-Гарда
102|626|2467|Абуджа
9|222|2468|Эннепеталь
13|627|2469|Панаджи
15|628|2470|Баткен
25|152|2471|Лавлок
4|11|2472|Столбцы
9|222|2473|Каллеталь
9|222|2474|Ремшайд
25|147|2475|Лоренсвилль
33|516|2476|Антиб
52|629|2477|Пхичит
9|19|2478|Ландсхут
25|144|2479|Киркленд
25|148|2480|Де Плейнс
25|383|2481|Данбери
25|630|2482|Хамберг
33|631|2483|Бордо
42|632|2484|Эдмонтон
65|358|2485|Панадура
103|633|2486|Ашхабад
9|222|2487|Дортмунд
25|153|2488|Хакенсак
25|228|2489|Бишопвилл
29|607|2490|Кемер
47|634|2491|Ла-Корунья
76|635|2492|Арика
102|626|2493|Лагос
25|149|2494|Делано
30|460|2495|Гулистан
52|636|2496|Сураттани
104|637|2497|Гуаякиль
25|151|2498|Колумбия
25|276|2499|Мальборо
25|483|2500|Джексон
103|638|2501|Туркменабад
25|147|2502|Огаста
29|330|2503|Милас
33|639|2504|Клермон-Ферран
13|640|2505|Вадодара
25|149|2506|Фолсом
25|154|2507|Фармингдейл
25|384|2508|Саутфилд
29|261|2509|Демре
74|420|2510|Сингараджа
75|641|2511|Монтижу
12|345|2512|Афула
25|145|2513|Блексбург
25|149|2514|Гарден Гров
29|330|2515|Ула
74|420|2516|Убуд
103|642|2517|Хазар
33|643|2518|Лимож
51|644|2519|Ларнака
52|645|2520|Кампхэнгпхет
86|646|2521|Сулеймания
25|153|2522|Элизабет
41|647|2523|Генуя
28|648|2524|Турсунзаде
49|649|2525|Чэнду
14|39|2526|Сарыагаш
25|150|2527|Сент-Пол
25|158|2528|Себринг
25|248|2529|Хазлтон
69|650|2530|Гиза
24|81|2531|Солигалич
4|11|2532|Клецк
9|222|2533|Херне
54|651|2534|Жилина
25|145|2535|Харрисонберг
25|153|2536|Вайнленд
25|156|2537|Чапел-Хилл
25|248|2538|Норристаун
49|444|2539|Лайу
49|652|2540|Хэфэй
84|653|2541|Петалинг Джайя
9|222|2542|Бад-Эйнхаузен
25|145|2543|Маклин
29|654|2544|Килис
30|192|2545|Ханабад
63|655|2546|Куско
12|24|2547|Рамат-Ган
24|107|2548|Городовиковск
25|147|2549|Ривердейл
25|149|2550|Саут-Лейк-Тахо
91|656|2551|Эрдэнэт
105|657|2552|Монровия
25|155|2553|Финдли
25|156|2554|Гастония
25|158|2555|Спринг Хилл
29|165|2556|Урла
49|500|2557|Шанхай
9|222|2558|Хайнсберг
20|658|2559|Дронтен
25|147|2560|Линкольнтон
25|483|2561|Чаттануга
29|165|2562|Карабаглар
29|442|2563|Одунпазары
41|659|2564|Больцано
25|483|2565|Франклин
9|257|2566|Людвигсбург
9|353|2567|Дрезден
25|407|2568|Пайквилл
25|156|2569|Фэйеттевиль
25|157|2570|Одесса
9|17|2571|Ной-Изенбург
9|222|2572|Падерборн
25|143|2573|Клинтон
25|149|2574|Сан-Матео
25|154|2575|Эльмайра
25|157|2576|Суитуотер
25|383|2577|Стэмфорд
36|660|2578|Шаффхаузен
4|9|2579|Ветка
24|62|2580|Шенкурск
25|149|2581|Роклин
25|158|2582|Санфорд
33|661|2583|Партене
3|6|2584|Раджшахи
15|623|2585|Кара-Балта
25|149|2586|Конкорд
25|158|2587|Брадентон
29|662|2588|Нигде
47|392|2589|Альмерия
74|663|2590|Бекаси
106|664|2591|Скопье
12|25|2592|Лод
20|49|2593|Венендал
25|299|2594|Колумбус
29|487|2595|Акхисар
36|665|2596|Люцерн
4|12|2597|Мстиславль
7|666|2598|Или
9|222|2599|Камен
87|515|2600|Медина
24|94|2601|Называевск
25|149|2602|Палмдэйл
56|289|2603|Дананг
71|667|2604|Слайго
24|75|2605|Ладушкин
25|149|2606|Анахайм
25|324|2607|Огден
25|384|2608|Портедж
25|453|2609|Джуно
24|62|2610|Сольвычегодск
25|144|2611|Редмонд
25|149|2612|Ранчо Кордова
25|276|2613|Вест Роксбери
29|457|2614|Диловасы
41|253|2615|Кастельсардо
74|668|2616|Сурабая
107|669|2617|Андорра-ла-Велья
25|149|2618|Модесто
25|154|2619|Плейнвью
25|483|2620|Брентвуд
49|649|2621|Мяньян
12|188|2622|Кирьят Бьялика
25|145|2623|Вирджиния-Бич
25|227|2624|Меса
25|228|2625|Оранджберг
42|201|2626|Берлингтон
9|17|2627|Драйайх
9|222|2628|Золинген
9|588|2629|Вестерланд
25|306|2630|Уичита
35|670|2631|Цетине
4|9|2632|Петриков
4|10|2633|Дятлово
25|149|2634|Купертино
35|671|2635|Никшич
24|73|2636|Бирюсинск
25|155|2637|Мейсон
25|248|2638|Дойлестаун
29|409|2639|Айдынджик
25|154|2640|Хантингтон
25|158|2641|Уэсли Чапел
25|399|2642|Манчестер
29|166|2643|Арнавуткёй
25|399|2644|Конкорд
33|661|2645|Ньор
25|299|2646|Форт-Уэйн
24|84|2647|Макушино
25|384|2648|Медисон Хайтс
25|149|2649|Викторвилл
25|158|2650|Ки-Уэст
35|181|2651|Дженовичи
46|672|2652|Хасселт
25|158|2653|Оранж Парк
12|25|2654|Ган Явне
25|151|2655|Аппе Мальборо
25|158|2656|Таллахасси
25|299|2657|Кармел
25|306|2658|Канзас-Сити
29|260|2659|Акъюрт
39|673|2660|Ямагата
46|674|2661|Антверпен
7|439|2662|Лидс
25|147|2663|Мариетта
25|228|2664|Исли
25|384|2665|Лансинг
1|675|2666|Куба
25|156|2667|Мерфи
25|462|2668|Паркерсбург
49|676|2669|Увэй
64|677|2670|Тимишоара
9|678|2671|Людвигсхафен-на-Рейне
12|24|2672|Бнэй-Брак
24|96|2673|Новосиль
25|154|2674|Катскилл
25|532|2675|Уотервилл
76|679|2676|Кокимбо
6|680|2677|Куритиба
18|681|2678|Вулканешты
49|682|2679|Далянь
69|683|2680|Хургада
87|515|2681|Хаиль
4|12|2682|Чаусы
47|392|2683|Хаэн
49|542|2684|Сянфань
9|222|2685|Ойскирхен
25|248|2686|Аллентаун
25|483|2687|Оук-Ридж
33|684|2688|Сен-Жермен-ан-Ле
108|685|2689|Амман
2|242|2690|Апаран
9|678|2691|Вормс
12|24|2692|Гиватаим
25|148|2693|Пеория
29|477|2694|Эренлер
25|144|2695|Белвью
49|686|2696|Наньтун
49|461|2697|Цанчжоу
85|687|2698|Ла-Асунсьон
33|688|2699|Оранж
20|246|2700|Хертогенбос
22|689|2701|Дибба
25|299|2702|Колумбия Сити
29|690|2703|Кахраманмараш
25|149|2704|Милпитас
25|158|2705|Санни-Айлс-Бич
29|471|2706|Меркезэфенди
29|520|2707|Сиверек
47|691|2708|Лас-Пальмас-де-Гран-Канария
25|396|2709|Аврора
25|149|2710|Сан Леандро
71|692|2711|Кинсейл
71|692|2712|Корк
3|693|2713|Дакка
42|201|2714|Гуэлф
47|392|2715|Малага
109|694|2716|Бриджтаун
4|9|2717|Калинковичи
25|149|2718|Бэйкерсфилд
25|276|2719|Шрусбери
25|373|2720|Гадсден
33|695|2721|Во-ан-Велен
25|151|2722|Лексингтон Парк
4|8|2723|Браслав
12|25|2724|Нес-Циона
16|696|2725|Прейли
25|299|2726|Скоттсберг
25|483|2727|Мерфрисборо
29|166|2728|Санджактепе
30|561|2729|Термез
52|697|2730|Накхонратчасима
77|698|2731|Пинамар
13|699|2732|Чандигарх
24|112|2733|Темников
96|700|2734|Тебриз
25|149|2735|Коста-Меса
49|686|2736|Чанчжоу
55|701|2737|Муан
25|149|2738|Эль Сегундо
29|340|2739|Мерам
60|702|2740|Нуэво-Ларедо
23|55|2741|Сважендз
25|276|2742|Лексингтон
29|166|2743|Бейкоз
47|364|2744|Реус
41|703|2745|Козенца
29|260|2746|Енимахалле
6|704|2747|Витория-да-Конкиста
12|25|2748|Модиин-Маккабим-Реут
13|705|2749|Бхимаварам
46|706|2750|Брюгге
4|9|2751|Туров
9|369|2752|Лангенхаген
25|158|2753|Делрей-Бич
29|585|2754|Арсуз
110|707|2755|Абиджан
17|245|2756|Аникщяй
47|434|2757|Гвардамар-дель-Сегура
33|708|2758|Нарбонна
42|201|2759|Лондон
20|49|2760|Амерсфорт
25|144|2761|Кент
33|197|2762|Лилль
52|709|2763|Накхонсаван
60|468|2764|Монтеррей
94|710|2765|Медельин
33|684|2766|Версаль
90|528|2767|Лас-Терренас
9|19|2768|Эрланген
25|158|2769|Сент-Питерсберг
4|9|2770|Буда-Кошелёво
52|711|2771|Чайнат
55|712|2772|Чханвон
4|10|2773|Скидель
29|375|2774|Бисмиль
29|463|2775|Ризе
49|686|2776|Сучжоу
29|166|2777|Байрампаша
25|144|2778|Централия
25|149|2779|Стоктон
25|155|2780|Акрон
29|260|2781|Мамак
47|434|2782|Кальп
74|510|2783|Чилакап
74|663|2784|Бандунг
74|663|2785|Депок
2|296|2786|Сисиан
9|257|2787|Мангейм
25|630|2788|Бейтсвилл
6|406|2789|Сан-Жозе-дус-Кампус
9|222|2790|Дуйсбург
25|156|2791|Шелби
25|228|2792|Хардивилл
29|713|2793|Эрзурум
49|589|2794|Дацин
9|222|2795|Бохум
14|36|2796|Форт-Шевченко
25|156|2797|Данн
25|384|2798|Саут Хейвен
25|398|2799|Оксфорд
49|500|2800|Чунцин
55|714|2801|Коян
25|150|2802|Ричфилд
49|686|2803|Нанкин
49|686|2804|Яньчэн
25|149|2805|Арката
29|409|2806|Тарсус
25|158|2807|Хайалиа
1|2|2808|Нафталан
2|600|2809|Джермук
7|715|2810|Честер
29|261|2811|Кумлуджа
49|572|2812|Хэби
52|716|2813|Прачуапкхирикхан
12|24|2814|Рамат-ха-Шарон
25|148|2815|Нейпервилл
25|384|2816|Окмос
41|717|2817|Неаполь
45|217|2818|Бенони
102|626|2819|Авка
9|222|2820|Фельберт
9|718|2821|Заальфельд
24|114|2822|Дигора
25|525|2823|Меридиан
29|457|2824|Кёрфез
56|719|2825|Винь
74|720|2826|Матарам
102|626|2827|Кацина
111|721|2828|Ораньестад
9|222|2829|Бергхайм
13|203|2830|Райчур
29|560|2831|Шухут
14|34|2832|Каражал
17|43|2833|Йонава
25|276|2834|Уолтем
51|722|2835|Паралимни
53|269|2836|Тайчжун
42|201|2837|Ричмонд-Хилл
74|723|2838|Макасар
9|588|2839|Киль
12|188|2840|Тират-Кармель
24|105|2841|Южно-Сухокумск
75|724|2842|Виана-ду-Каштелу
73|725|2843|Маафуши
17|42|2844|Лентварис
24|116|2845|Шагонар
9|19|2846|Ингольштадт
15|726|2847|Нарын
42|727|2848|Галифакс
9|257|2849|Айзлинген
25|191|2850|Индепенденс
73|725|2851|Тулусду
25|157|2852|Гранд Прейри
25|526|2853|Карни
1|728|2854|Аджикабул
52|729|2855|Лёй
1|730|2856|Астара
29|166|2857|Тузла
60|731|2858|Коацакоалькос
9|202|2859|Хеннигсдорф
9|544|2860|Бремерхафен
33|467|2861|Ла-Курнёв
25|154|2862|Ислип
49|461|2863|Баодин
9|222|2864|Клеве
14|39|2865|Жетысай
25|158|2866|Пинелас Парк
9|678|2867|Майнц
25|462|2868|Харрикейн
45|217|2869|Велком
6|406|2870|Баруэри
13|732|2871|Музаффарнагар
25|144|2872|Таквила
53|269|2873|Таоюань
49|303|2874|Чэньчжоу
9|19|2875|Кемптен
25|147|2876|Пулер
87|515|2877|Хамис-Мушаит
63|733|2878|Пьюра
12|24|2879|Ор Йехуда
25|398|2880|Олив-Бранч
70|734|2881|Пуэрто-Галера
25|373|2882|Декатур
29|457|2883|Башискеле
9|202|2884|Котбус
25|227|2885|Пеория
25|147|2886|Свайнсборо
25|227|2887|Серпрайз
25|147|2888|Перри
49|451|2889|Тайчжоу
13|735|2890|Дехрадун
25|158|2891|Порт-Шарлотт
29|165|2892|Гюзельбахче
2|187|2893|Чамбарак
12|188|2894|Нешер
13|627|2895|Калангут
25|149|2896|Вальехо
25|383|2897|Хартфорд
7|610|2898|Рединг
12|24|2899|Кирьят-Оно
25|456|2900|Каспер
112|736|2901|Кингстон
14|189|2902|Аральск
25|324|2903|Лехи
41|562|2904|Бассано-дель-Граппа
25|158|2905|Сарасота
41|449|2906|Равенна
9|718|2907|Эрфурт
25|149|2908|Лонг-Бич
25|148|2909|Элгин
47|434|2910|Аликанте
25|158|2911|Сисайд-Хайтс
12|737|2912|Ариэль
30|460|2913|Ширин
25|156|2914|Ашеборо
25|191|2915|Варшава
25|385|2916|Сидни
33|738|2917|Отён
12|345|2918|Цфат
29|585|2919|Рейханлы
9|739|2920|Саарбрюккен
14|27|2921|Акколь
29|165|2922|Байраклы
49|255|2923|Коулун
9|588|2924|Фленсбург
49|740|2925|Сямынь
3|741|2926|Кхулна
15|628|2927|Кызыл-Кия
41|200|2928|Вогера
25|157|2929|Техас Сити
24|125|2930|Ельня
9|257|2931|Ален
13|551|2932|Коллам
25|157|2933|Минерал Уэллс
14|27|2934|Атбасар
24|98|2935|Усолье
25|153|2936|Хобокен
49|740|2937|Саньмин
29|278|2938|Кестель
29|278|2939|Нилюфер
33|684|2940|Трап
25|399|2941|Клермонт
9|222|2942|Бергиш-Гладбах
14|32|2943|Шу
2|296|2944|Мегри
9|739|2945|Санкт-Вендель
10|742|2946|Мцхета
25|148|2947|Роллинг Мидоус
6|406|2948|Озаску
24|125|2949|Велиж
37|183|2950|Алингсос
29|340|2951|Ылгын
9|222|2952|Крефельд
25|149|2953|Корона
1|743|2954|Барда
14|29|2955|Есик
77|698|2956|Мар-дель-Плата
25|227|2957|Глендейл
7|448|2958|Солсбери
25|145|2959|Шарлоттсвилль
28|518|2960|Куляб
70|734|2961|Калапан
25|525|2962|Москоу
84|744|2963|Сунгай Петани
29|745|2964|Мерзифон
13|425|2965|Коимбатур
25|154|2966|Сиракьюс
25|151|2967|Белтсвилл
24|116|2968|Ак-Довурак
113|746|2969|Маэбур
13|26|2970|Аурангабад
13|732|2971|Газиабад
25|143|2972|Дабек
1|2|2973|Мингечаур
9|353|2974|Аннаберг-Буххольц
24|137|2975|Урус-Мартан
25|398|2976|Галфпорт
25|149|2977|Онтарио
25|158|2978|Клермон
12|258|2979|Бейт-Шемеш
13|732|2980|Ноида
33|747|2981|Сен-Жан-де-Морьен
39|748|2982|Хиросима
46|240|2983|Тюрнхаут
114|749|2984|Бамако
28|229|2985|Канибадам
42|316|2986|Бернаби
49|303|2987|Хуайхуа
49|444|2988|Дэчжоу
49|495|2989|Шаогуань
49|740|2990|Фучжоу
49|750|2991|Наньнин
49|751|2992|Цзуньи
74|420|2993|Нуса-Дуа
9|588|2994|Итцехо
49|649|2995|Дэян
25|248|2996|Ньютаун
74|663|2997|Сукабуми
25|158|2998|Иммокали
30|337|2999|Шахрисабз
115|752|3000|Кигали
25|149|3001|Хантингтон-Бич
25|158|3002|Порт Сент Луси
52|753|3003|Накхонпатом
42|201|3004|Миссиссага
29|754|3005|Эдирне
49|652|3006|Хуайнань
12|188|3007|Кирьят-Моцкин
29|487|3008|Сома
30|354|3009|Муйнак
70|755|3010|Батангас
25|149|3011|Кастро Вэлли
25|483|3012|Германтаун
70|380|3013|Кесон-Сити
85|756|3014|Сьюдад-Боливар
12|188|3015|Кирьят Ям
25|157|3016|Льюисвилл
30|249|3017|Каракуль
49|740|3018|Чжанчжоу
25|299|3019|Уорсо
29|620|3020|Токат
29|757|3021|Унье
42|316|3022|Виктория
9|353|3023|Гримма
29|166|3024|Башакшехир
25|158|3025|Ларго
116|758|3026|Вадуц
9|202|3027|Луккенвальде
9|369|3028|Зольтау
33|684|3029|Мант-ла-Жоли
7|15|3030|Дуглас
25|158|3031|Тайтусвилл
30|249|3032|Каган
6|759|3033|Порту-Алегри
7|760|3034|Сандерленд
25|403|3035|Талса
25|403|3036|Брокен-Эрроу
49|740|3037|Уишань
41|761|3038|Перуджа
46|762|3039|Гент
29|486|3040|Сарай
13|732|3041|Барейлли
25|144|3042|Такома
25|155|3043|Мэрисвилл
46|240|3044|Шарлеруа
56|763|3045|Каобанг
14|35|3046|Аркалык
25|156|3047|Монро
29|757|3048|Алтынорду
25|149|3049|Мерсед
25|149|3050|Сан-Рафаэль
117|764|3051|Лусака
118|765|3052|Лилонгве
74|420|3053|Кута
25|155|3054|Норт Кантон
49|572|3055|Синьян
101|625|3056|Веллингтон
29|601|3057|Аванос
49|444|3058|Линьи
49|740|3059|Наньпин
29|166|3060|Эсенлер
119|766|3061|Нассау
70|767|3062|Себу
25|143|3063|Давенпорт
49|652|3064|Чучжоу
70|380|3065|Макати
36|768|3066|Тун
2|4|3067|Нор Ачин
46|769|3068|Льеж
25|152|3069|Рино
25|191|3070|Джоплин
36|770|3071|Цуг
49|751|3072|Гуйян
25|148|3073|Шаумбург
25|157|3074|Рокуолл
25|384|3075|Каламазу
25|407|3076|Боулинг Грин
6|406|3077|Санту-Андре
25|149|3078|Пало-Альто
70|771|3079|Давао
25|373|3080|Опелика
25|149|3081|Оушенсайд
7|772|3082|Престон
9|353|3083|Циттау
49|303|3084|Хэнъян
25|312|3085|Бенд
25|227|3086|Шоу-Лоу
85|773|3087|Валенсия
25|526|3088|Омаха
25|630|3089|Джэксонвилл
9|369|3090|Клоппенбург
89|774|3091|Мултан
29|166|3092|Султанбейли
25|158|3093|Панама-Сити
9|17|3094|Эшборн
9|222|3095|Бад-Зальцуфлен
25|149|3096|Редвуд Сити
33|775|3097|Гавр
1|776|3098|Геранбой
36|777|3099|Ароза
29|374|3100|Сейхан
25|149|3101|Элк Гров
60|365|3102|Четумаль
60|778|3103|Тихуана
9|19|3104|Китцинген
25|144|3105|Беллингем
25|453|3106|Ситка
12|25|3107|Раанана
120|779|3108|Тхимпху
25|149|3109|Торранс
60|780|3110|Гвадалахара
24|72|3111|Юрьевец
25|157|3112|Аллен
29|165|3113|Чешме
70|781|3114|Инфанта
41|200|3115|Галларате
49|751|3116|Аньшунь
25|157|3117|Гарлэнд
6|782|3118|Форталеза
25|148|3119|Шампейн
25|299|3120|Браунсберг
25|299|3121|Шелбивилл
25|248|3122|Алтуна
37|214|3123|Питео
25|149|3124|Ричмонд
25|153|3125|Ливингстон
45|217|3126|Кейптаун
29|278|3127|Муданья
9|718|3128|Ильменау
19|48|3129|Кралендейк
25|148|3130|Ок Брук
33|783|3131|Шартр
25|158|3132|Уэстон
25|149|3133|Санта-Ана
25|157|3134|Пирленд
25|147|3135|Дальтон
25|158|3136|Палм Кост
88|517|3137|Рамалла
25|149|3138|Фэйр-Окс
25|153|3139|Риджфилд Парк
25|157|3140|Конро
7|760|3141|Ньюкасл-апон-Тайн
25|784|3142|Альбукерке
29|555|3143|Архави
49|572|3144|Лоян
121|785|3145|Ла-Пас
7|606|3146|Кентербери
29|786|3147|Бойабат
25|152|3148|Хендерсон
25|158|3149|Оберндейл
25|158|3150|Северный Майами Бич
29|165|3151|Дикили
25|145|3152|Роанок
25|147|3153|Такер
25|149|3154|Таузенд-Оукс
20|246|3155|Эйндховен
41|562|3156|Кьоджа
29|787|3157|Ван
47|434|3158|Оропеса-дель-Мар
122|788|3159|Род-Таун
25|151|3160|Ланхем
29|260|3161|Алтындаг
25|157|3162|Дир Парк
9|353|3163|Хойерсверда
32|432|3164|Райсио
37|522|3165|Люккселе
29|789|3166|Ушак
25|149|3167|Беркли
25|158|3168|Лейк Уорт
75|424|3169|Уэйраш
21|790|3170|Будё
25|148|3171|Урбана
29|165|3172|Алиага
3|791|3173|Читтагонг
1|792|3174|Казах
47|434|3175|Бенидорм
9|257|3176|Крайльсхайм
14|244|3177|Уштобе
87|515|3178|Эль-Джубайль
123|793|3179|Яунде
1|794|3180|Нефтечала
45|217|3181|Питермарицбург
25|145|3182|Фармвилл
4|12|3183|Славгород
2|395|3184|Веди
93|795|3185|Покхара
77|698|3186|Мерло
1|2|3187|Ширван
2|4|3188|Цахкадзор
74|796|3189|Бандар-Лампунг
9|222|3190|Эшвайлер
9|678|3191|Кобленц
15|273|3192|Чолпон-Ата
48|797|3193|Ираклион
9|19|3194|Швабах
9|257|3195|Швебиш-Гмюнд
25|156|3196|Роксборо
57|332|3197|Кофс-Харбор
32|411|3198|Руоколахти
49|589|3199|Ичунь
84|478|3200|Путраджая
20|422|3201|Барневелд
18|318|3202|Бельцы
9|222|3203|Вупперталь
69|798|3204|Мерса-Матрух
25|276|3205|Ньютон
25|407|3206|Вансберг
24|115|3207|Тетюши
4|9|3208|Хойники
